N,replicate,model,strict_mean,soft_mean
100,0,Llama-3.1-8B,0.65,0.8372976
100,0,Llama-3.2-1B,0.29,0.59583336
100,0,Llama-3.2-3B,0.56,0.78495246
100,0,Qwen2.5-0.5B,0.19,0.47435716
100,0,Qwen2.5-1.5B,0.35,0.6268214
100,0,Qwen2.5-3B,0.48,0.74101186
100,0,Qwen2.5-7B,0.65,0.833619
100,0,deepseek-v3,0.8,0.92090476
100,0,gemma-2-2b,0.49,0.77259517
100,0,gemma-2-9b,0.6,0.8173213
100,0,llama3.1-405b,0.72,0.8692381
100,0,llama3.3-70b,0.75,0.9034048
100,0,mistral-large,0.66,0.86954767
100,0,qwen2.5-72b,0.66,0.8096548
100,1,Llama-3.1-8B,0.58,0.81574994
100,1,Llama-3.2-1B,0.29,0.54228574
100,1,Llama-3.2-3B,0.48,0.71909523
100,1,Qwen2.5-0.5B,0.14,0.40042847
100,1,Qwen2.5-1.5B,0.37,0.5745119
100,1,Qwen2.5-3B,0.55,0.7592739
100,1,Qwen2.5-7B,0.59,0.832369
100,1,deepseek-v3,0.71,0.9079881
100,1,gemma-2-2b,0.47,0.72821426
100,1,gemma-2-9b,0.58,0.7918927
100,1,llama3.1-405b,0.67,0.8587974
100,1,llama3.3-70b,0.69,0.89449984
100,1,mistral-large,0.72,0.90535706
100,1,qwen2.5-72b,0.6,0.7923453
100,2,Llama-3.1-8B,0.54,0.7794642
100,2,Llama-3.2-1B,0.24,0.48730958
100,2,Llama-3.2-3B,0.52,0.7286904
100,2,Qwen2.5-0.5B,0.19,0.39753574
100,2,Qwen2.5-1.5B,0.27,0.5088214
100,2,Qwen2.5-3B,0.53,0.7147262
100,2,Qwen2.5-7B,0.59,0.75491667
100,2,deepseek-v3,0.76,0.90397626
100,2,gemma-2-2b,0.47,0.6866073
100,2,gemma-2-9b,0.57,0.7779048
100,2,llama3.1-405b,0.7,0.8874882
100,2,llama3.3-70b,0.75,0.89365476
100,2,mistral-large,0.73,0.89275
100,2,qwen2.5-72b,0.61,0.7705834
100,3,Llama-3.1-8B,0.58,0.7915477
100,3,Llama-3.2-1B,0.33,0.5362143
100,3,Llama-3.2-3B,0.54,0.76708335
100,3,Qwen2.5-0.5B,0.19,0.39583337
100,3,Qwen2.5-1.5B,0.36,0.6296547
100,3,Qwen2.5-3B,0.49,0.7099524
100,3,Qwen2.5-7B,0.65,0.8072619
100,3,deepseek-v3,0.78,0.9325714
100,3,gemma-2-2b,0.52,0.7500714
100,3,gemma-2-9b,0.66,0.8251191
100,3,llama3.1-405b,0.68,0.84064287
100,3,llama3.3-70b,0.72,0.8992857
100,3,mistral-large,0.75,0.90973794
100,3,qwen2.5-72b,0.68,0.81834525
100,4,Llama-3.1-8B,0.55,0.7896785
100,4,Llama-3.2-1B,0.28,0.55382144
100,4,Llama-3.2-3B,0.44,0.7384285
100,4,Qwen2.5-0.5B,0.14,0.37391663
100,4,Qwen2.5-1.5B,0.32,0.5367975
100,4,Qwen2.5-3B,0.43,0.7072977
100,4,Qwen2.5-7B,0.64,0.82952386
100,4,deepseek-v3,0.73,0.882512
100,4,gemma-2-2b,0.45,0.7329287
100,4,gemma-2-9b,0.56,0.7903334
100,4,llama3.1-405b,0.73,0.8828572
100,4,llama3.3-70b,0.73,0.8969166
100,4,mistral-large,0.72,0.8815239
100,4,qwen2.5-72b,0.61,0.8252858
100,5,Llama-3.1-8B,0.64,0.8038452
100,5,Llama-3.2-1B,0.28,0.57885724
100,5,Llama-3.2-3B,0.54,0.7487023
100,5,Qwen2.5-0.5B,0.15,0.380631
100,5,Qwen2.5-1.5B,0.33,0.56642854
100,5,Qwen2.5-3B,0.52,0.74027383
100,5,Qwen2.5-7B,0.66,0.8309762
100,5,deepseek-v3,0.8,0.9247738
100,5,gemma-2-2b,0.47,0.7225713
100,5,gemma-2-9b,0.61,0.7886071
100,5,llama3.1-405b,0.69,0.86417854
100,5,llama3.3-70b,0.7,0.86601186
100,5,mistral-large,0.73,0.87809515
100,5,qwen2.5-72b,0.63,0.80045235
100,6,Llama-3.1-8B,0.61,0.79844046
100,6,Llama-3.2-1B,0.36,0.61032146
100,6,Llama-3.2-3B,0.51,0.7312737
100,6,Qwen2.5-0.5B,0.19,0.4230238
100,6,Qwen2.5-1.5B,0.34,0.597619
100,6,Qwen2.5-3B,0.52,0.7454525
100,6,Qwen2.5-7B,0.59,0.82811904
100,6,deepseek-v3,0.75,0.90211904
100,6,gemma-2-2b,0.45,0.71592855
100,6,gemma-2-9b,0.65,0.835512
100,6,llama3.1-405b,0.67,0.8347381
100,6,llama3.3-70b,0.74,0.89440465
100,6,mistral-large,0.77,0.92290473
100,6,qwen2.5-72b,0.64,0.80827385
100,7,Llama-3.1-8B,0.6,0.7967975
100,7,Llama-3.2-1B,0.38,0.6108929
100,7,Llama-3.2-3B,0.59,0.80416673
100,7,Qwen2.5-0.5B,0.19,0.39897618
100,7,Qwen2.5-1.5B,0.31,0.4845952
100,7,Qwen2.5-3B,0.43,0.67470247
100,7,Qwen2.5-7B,0.61,0.77853566
100,7,deepseek-v3,0.75,0.89711905
100,7,gemma-2-2b,0.6,0.7741904
100,7,gemma-2-9b,0.62,0.8060952
100,7,llama3.1-405b,0.69,0.8635238
100,7,llama3.3-70b,0.72,0.8737024
100,7,mistral-large,0.7,0.8699286
100,7,qwen2.5-72b,0.65,0.79697627
100,8,Llama-3.1-8B,0.65,0.8238929
100,8,Llama-3.2-1B,0.31,0.5484048
100,8,Llama-3.2-3B,0.58,0.80333334
100,8,Qwen2.5-0.5B,0.11,0.33396432
100,8,Qwen2.5-1.5B,0.33,0.5307381
100,8,Qwen2.5-3B,0.5,0.7242143
100,8,Qwen2.5-7B,0.64,0.8260357
100,8,deepseek-v3,0.79,0.9239643
100,8,gemma-2-2b,0.49,0.7289167
100,8,gemma-2-9b,0.63,0.82828575
100,8,llama3.1-405b,0.74,0.89545244
100,8,llama3.3-70b,0.75,0.9195714
100,8,mistral-large,0.74,0.90935725
100,8,qwen2.5-72b,0.64,0.7898096
100,9,Llama-3.1-8B,0.61,0.825
100,9,Llama-3.2-1B,0.26,0.5051667
100,9,Llama-3.2-3B,0.51,0.72850007
100,9,Qwen2.5-0.5B,0.14,0.38607147
100,9,Qwen2.5-1.5B,0.25,0.52633333
100,9,Qwen2.5-3B,0.48,0.7211667
100,9,Qwen2.5-7B,0.64,0.82883334
100,9,deepseek-v3,0.76,0.9134167
100,9,gemma-2-2b,0.55,0.74948806
100,9,gemma-2-9b,0.67,0.82641673
100,9,llama3.1-405b,0.72,0.88625
100,9,llama3.3-70b,0.75,0.8914166
100,9,mistral-large,0.71,0.88366675
100,9,qwen2.5-72b,0.7,0.84900004
100,10,Llama-3.1-8B,0.6,0.81236917
100,10,Llama-3.2-1B,0.34,0.53446424
100,10,Llama-3.2-3B,0.52,0.7346309
100,10,Qwen2.5-0.5B,0.17,0.38326192
100,10,Qwen2.5-1.5B,0.3,0.5583691
100,10,Qwen2.5-3B,0.46,0.69990486
100,10,Qwen2.5-7B,0.58,0.76961905
100,10,deepseek-v3,0.76,0.91041654
100,10,gemma-2-2b,0.51,0.70627385
100,10,gemma-2-9b,0.63,0.79929763
100,10,llama3.1-405b,0.68,0.8464405
100,10,llama3.3-70b,0.74,0.8964167
100,10,mistral-large,0.68,0.8723453
100,10,qwen2.5-72b,0.65,0.79566664
100,11,Llama-3.1-8B,0.55,0.79611915
100,11,Llama-3.2-1B,0.38,0.6083571
100,11,Llama-3.2-3B,0.53,0.7779763
100,11,Qwen2.5-0.5B,0.24,0.4495239
100,11,Qwen2.5-1.5B,0.33,0.5862619
100,11,Qwen2.5-3B,0.51,0.74477386
100,11,Qwen2.5-7B,0.67,0.8484524
100,11,deepseek-v3,0.73,0.9009762
100,11,gemma-2-2b,0.5,0.7462621
100,11,gemma-2-9b,0.62,0.8273929
100,11,llama3.1-405b,0.72,0.8680714
100,11,llama3.3-70b,0.67,0.87046427
100,11,mistral-large,0.65,0.8751309
100,11,qwen2.5-72b,0.64,0.8132024
100,12,Llama-3.1-8B,0.57,0.7927143
100,12,Llama-3.2-1B,0.26,0.4967143
100,12,Llama-3.2-3B,0.45,0.67995244
100,12,Qwen2.5-0.5B,0.09,0.33342862
100,12,Qwen2.5-1.5B,0.29,0.53722626
100,12,Qwen2.5-3B,0.49,0.7294167
100,12,Qwen2.5-7B,0.62,0.81082153
100,12,deepseek-v3,0.79,0.92459524
100,12,gemma-2-2b,0.56,0.76575
100,12,gemma-2-9b,0.65,0.81701195
100,12,llama3.1-405b,0.68,0.8737262
100,12,llama3.3-70b,0.73,0.89599997
100,12,mistral-large,0.77,0.90042853
100,12,qwen2.5-72b,0.66,0.8226073
100,13,Llama-3.1-8B,0.59,0.7984881
100,13,Llama-3.2-1B,0.32,0.5682024
100,13,Llama-3.2-3B,0.6,0.76922625
100,13,Qwen2.5-0.5B,0.12,0.3488452
100,13,Qwen2.5-1.5B,0.33,0.59174997
100,13,Qwen2.5-3B,0.47,0.7078452
100,13,Qwen2.5-7B,0.59,0.8099047
100,13,deepseek-v3,0.77,0.9078096
100,13,gemma-2-2b,0.5,0.7300476
100,13,gemma-2-9b,0.58,0.80700004
100,13,llama3.1-405b,0.68,0.8718333
100,13,llama3.3-70b,0.72,0.892988
100,13,mistral-large,0.71,0.8866667
100,13,qwen2.5-72b,0.66,0.81841666
100,14,Llama-3.1-8B,0.53,0.73483324
100,14,Llama-3.2-1B,0.31,0.52791667
100,14,Llama-3.2-3B,0.42,0.6685833
100,14,Qwen2.5-0.5B,0.1,0.3329167
100,14,Qwen2.5-1.5B,0.33,0.5199287
100,14,Qwen2.5-3B,0.38,0.6211786
100,14,Qwen2.5-7B,0.56,0.74424994
100,14,deepseek-v3,0.69,0.86166674
100,14,gemma-2-2b,0.45,0.7055832
100,14,gemma-2-9b,0.52,0.7318333
100,14,llama3.1-405b,0.6,0.80558324
100,14,llama3.3-70b,0.66,0.8547499
100,14,mistral-large,0.6,0.81499994
100,14,qwen2.5-72b,0.52,0.72216654
100,15,Llama-3.1-8B,0.52,0.78415483
100,15,Llama-3.2-1B,0.28,0.5715
100,15,Llama-3.2-3B,0.48,0.7158691
100,15,Qwen2.5-0.5B,0.13,0.3481428
100,15,Qwen2.5-1.5B,0.3,0.5520237
100,15,Qwen2.5-3B,0.48,0.7249047
100,15,Qwen2.5-7B,0.55,0.77204764
100,15,deepseek-v3,0.78,0.9096427
100,15,gemma-2-2b,0.49,0.7400715
100,15,gemma-2-9b,0.53,0.7334643
100,15,llama3.1-405b,0.6,0.82790464
100,15,llama3.3-70b,0.65,0.85766655
100,15,mistral-large,0.72,0.8795237
100,15,qwen2.5-72b,0.67,0.83453566
100,16,Llama-3.1-8B,0.66,0.82680947
100,16,Llama-3.2-1B,0.34,0.58373815
100,16,Llama-3.2-3B,0.61,0.8349762
100,16,Qwen2.5-0.5B,0.16,0.41110715
100,16,Qwen2.5-1.5B,0.38,0.5927501
100,16,Qwen2.5-3B,0.53,0.7612619
100,16,Qwen2.5-7B,0.67,0.8636666
100,16,deepseek-v3,0.79,0.9158333
100,16,gemma-2-2b,0.49,0.6977024
100,16,gemma-2-9b,0.62,0.7859881
100,16,llama3.1-405b,0.71,0.85616666
100,16,llama3.3-70b,0.74,0.908738
100,16,mistral-large,0.75,0.8973333
100,16,qwen2.5-72b,0.67,0.81326205
100,17,Llama-3.1-8B,0.62,0.8094047
100,17,Llama-3.2-1B,0.42,0.6439048
100,17,Llama-3.2-3B,0.48,0.7480951
100,17,Qwen2.5-0.5B,0.14,0.4071786
100,17,Qwen2.5-1.5B,0.3,0.5809643
100,17,Qwen2.5-3B,0.51,0.7638571
100,17,Qwen2.5-7B,0.59,0.82252383
100,17,deepseek-v3,0.83,0.93692863
100,17,gemma-2-2b,0.56,0.7953334
100,17,gemma-2-9b,0.62,0.8095119
100,17,llama3.1-405b,0.69,0.8645238
100,17,llama3.3-70b,0.74,0.9035239
100,17,mistral-large,0.71,0.88495237
100,17,qwen2.5-72b,0.7,0.8447618
100,18,Llama-3.1-8B,0.54,0.7800834
100,18,Llama-3.2-1B,0.31,0.5654524
100,18,Llama-3.2-3B,0.44,0.7362023
100,18,Qwen2.5-0.5B,0.13,0.37770236
100,18,Qwen2.5-1.5B,0.3,0.5892024
100,18,Qwen2.5-3B,0.37,0.6895476
100,18,Qwen2.5-7B,0.59,0.8172858
100,18,deepseek-v3,0.68,0.8762739
100,18,gemma-2-2b,0.44,0.72228575
100,18,gemma-2-9b,0.6,0.79067856
100,18,llama3.1-405b,0.62,0.81717867
100,18,llama3.3-70b,0.66,0.8626668
100,18,mistral-large,0.63,0.85363096
100,18,qwen2.5-72b,0.59,0.8164048
100,19,Llama-3.1-8B,0.58,0.7811905
100,19,Llama-3.2-1B,0.29,0.54402375
100,19,Llama-3.2-3B,0.48,0.723381
100,19,Qwen2.5-0.5B,0.18,0.3999048
100,19,Qwen2.5-1.5B,0.34,0.57026196
100,19,Qwen2.5-3B,0.59,0.7683334
100,19,Qwen2.5-7B,0.62,0.825
100,19,deepseek-v3,0.79,0.91166663
100,19,gemma-2-2b,0.56,0.7663095
100,19,gemma-2-9b,0.65,0.8260714
100,19,llama3.1-405b,0.7,0.8528333
100,19,llama3.3-70b,0.74,0.8861667
100,19,mistral-large,0.74,0.8899524
100,19,qwen2.5-72b,0.67,0.8016191
100,20,Llama-3.1-8B,0.54,0.77023816
100,20,Llama-3.2-1B,0.35,0.6174881
100,20,Llama-3.2-3B,0.53,0.7443333
100,20,Qwen2.5-0.5B,0.12,0.39144042
100,20,Qwen2.5-1.5B,0.3,0.5614643
100,20,Qwen2.5-3B,0.53,0.74924994
100,20,Qwen2.5-7B,0.67,0.82322615
100,20,deepseek-v3,0.8,0.9296667
100,20,gemma-2-2b,0.5,0.73511904
100,20,gemma-2-9b,0.6,0.8069166
100,20,llama3.1-405b,0.71,0.8648215
100,20,llama3.3-70b,0.76,0.9059999
100,20,mistral-large,0.76,0.9121547
100,20,qwen2.5-72b,0.65,0.82173806
100,21,Llama-3.1-8B,0.58,0.80840474
100,21,Llama-3.2-1B,0.35,0.6000715
100,21,Llama-3.2-3B,0.49,0.7477025
100,21,Qwen2.5-0.5B,0.17,0.39552373
100,21,Qwen2.5-1.5B,0.33,0.562131
100,21,Qwen2.5-3B,0.5,0.73663086
100,21,Qwen2.5-7B,0.66,0.83123803
100,21,deepseek-v3,0.81,0.9324405
100,21,gemma-2-2b,0.54,0.74397624
100,21,gemma-2-9b,0.6,0.8055238
100,21,llama3.1-405b,0.71,0.8815237
100,21,llama3.3-70b,0.73,0.8970238
100,21,mistral-large,0.77,0.90902376
100,21,qwen2.5-72b,0.69,0.8049167
100,22,Llama-3.1-8B,0.55,0.78653574
100,22,Llama-3.2-1B,0.31,0.58566666
100,22,Llama-3.2-3B,0.49,0.752869
100,22,Qwen2.5-0.5B,0.16,0.4243809
100,22,Qwen2.5-1.5B,0.27,0.5943214
100,22,Qwen2.5-3B,0.45,0.7363929
100,22,Qwen2.5-7B,0.52,0.80267847
100,22,deepseek-v3,0.78,0.9258928
100,22,gemma-2-2b,0.47,0.729881
100,22,gemma-2-9b,0.55,0.7832143
100,22,llama3.1-405b,0.65,0.8560237
100,22,llama3.3-70b,0.69,0.8785118
100,22,mistral-large,0.7,0.8777976
100,22,qwen2.5-72b,0.51,0.7693809
100,23,Llama-3.1-8B,0.6,0.78895247
100,23,Llama-3.2-1B,0.37,0.5631904
100,23,Llama-3.2-3B,0.5,0.72923815
100,23,Qwen2.5-0.5B,0.13,0.33920234
100,23,Qwen2.5-1.5B,0.3,0.5307381
100,23,Qwen2.5-3B,0.49,0.73171425
100,23,Qwen2.5-7B,0.56,0.77428573
100,23,deepseek-v3,0.78,0.9189761
100,23,gemma-2-2b,0.53,0.72630954
100,23,gemma-2-9b,0.65,0.80888104
100,23,llama3.1-405b,0.7,0.8578571
100,23,llama3.3-70b,0.71,0.89521426
100,23,mistral-large,0.73,0.8902143
100,23,qwen2.5-72b,0.64,0.76366675
100,24,Llama-3.1-8B,0.57,0.809369
100,24,Llama-3.2-1B,0.22,0.5221429
100,24,Llama-3.2-3B,0.53,0.7610476
100,24,Qwen2.5-0.5B,0.13,0.34720242
100,24,Qwen2.5-1.5B,0.28,0.55236906
100,24,Qwen2.5-3B,0.47,0.6959762
100,24,Qwen2.5-7B,0.63,0.7731547
100,24,deepseek-v3,0.76,0.91914284
100,24,gemma-2-2b,0.52,0.7315595
100,24,gemma-2-9b,0.58,0.78848803
100,24,llama3.1-405b,0.71,0.8784882
100,24,llama3.3-70b,0.75,0.90914285
100,24,mistral-large,0.71,0.8943214
100,24,qwen2.5-72b,0.65,0.8193215
100,25,Llama-3.1-8B,0.61,0.8207381
100,25,Llama-3.2-1B,0.32,0.58103573
100,25,Llama-3.2-3B,0.52,0.76661897
100,25,Qwen2.5-0.5B,0.15,0.36146426
100,25,Qwen2.5-1.5B,0.37,0.544619
100,25,Qwen2.5-3B,0.52,0.7149643
100,25,Qwen2.5-7B,0.57,0.7859523
100,25,deepseek-v3,0.76,0.9032619
100,25,gemma-2-2b,0.55,0.7440238
100,25,gemma-2-9b,0.61,0.7885119
100,25,llama3.1-405b,0.68,0.84866655
100,25,llama3.3-70b,0.69,0.8832499
100,25,mistral-large,0.66,0.8487262
100,25,qwen2.5-72b,0.61,0.7848332
100,26,Llama-3.1-8B,0.6,0.81690484
100,26,Llama-3.2-1B,0.3,0.5568333
100,26,Llama-3.2-3B,0.5,0.7550714
100,26,Qwen2.5-0.5B,0.15,0.40410706
100,26,Qwen2.5-1.5B,0.33,0.6186191
100,26,Qwen2.5-3B,0.53,0.7499166
100,26,Qwen2.5-7B,0.66,0.8474999
100,26,deepseek-v3,0.79,0.9296667
100,26,gemma-2-2b,0.51,0.7472381
100,26,gemma-2-9b,0.61,0.79725003
100,26,llama3.1-405b,0.72,0.8740001
100,26,llama3.3-70b,0.79,0.91916674
100,26,mistral-large,0.76,0.9125001
100,26,qwen2.5-72b,0.66,0.8246666
100,27,Llama-3.1-8B,0.49,0.79030955
100,27,Llama-3.2-1B,0.32,0.57966673
100,27,Llama-3.2-3B,0.43,0.7147857
100,27,Qwen2.5-0.5B,0.18,0.4657262
100,27,Qwen2.5-1.5B,0.34,0.60057145
100,27,Qwen2.5-3B,0.5,0.73915464
100,27,Qwen2.5-7B,0.59,0.83590484
100,27,deepseek-v3,0.76,0.91041666
100,27,gemma-2-2b,0.48,0.76919043
100,27,gemma-2-9b,0.55,0.7842262
100,27,llama3.1-405b,0.74,0.89323807
100,27,llama3.3-70b,0.68,0.8823214
100,27,mistral-large,0.69,0.89649993
100,27,qwen2.5-72b,0.66,0.84676194
100,28,Llama-3.1-8B,0.73,0.85558325
100,28,Llama-3.2-1B,0.32,0.59048814
100,28,Llama-3.2-3B,0.57,0.75275004
100,28,Qwen2.5-0.5B,0.13,0.37274998
100,28,Qwen2.5-1.5B,0.31,0.57095236
100,28,Qwen2.5-3B,0.56,0.76723814
100,28,Qwen2.5-7B,0.67,0.8268452
100,28,deepseek-v3,0.85,0.936
100,28,gemma-2-2b,0.56,0.77374995
100,28,gemma-2-9b,0.72,0.8509166
100,28,llama3.1-405b,0.78,0.89858335
100,28,llama3.3-70b,0.78,0.89975
100,28,mistral-large,0.82,0.9201666
100,28,qwen2.5-72b,0.65,0.77624995
100,29,Llama-3.1-8B,0.53,0.77502394
100,29,Llama-3.2-1B,0.3,0.53410715
100,29,Llama-3.2-3B,0.51,0.73672616
100,29,Qwen2.5-0.5B,0.18,0.44183335
100,29,Qwen2.5-1.5B,0.33,0.57198817
100,29,Qwen2.5-3B,0.53,0.72915465
100,29,Qwen2.5-7B,0.59,0.8178811
100,29,deepseek-v3,0.8,0.9099762
100,29,gemma-2-2b,0.54,0.75082135
100,29,gemma-2-9b,0.55,0.7441071
100,29,llama3.1-405b,0.68,0.8451905
100,29,llama3.3-70b,0.77,0.90130943
100,29,mistral-large,0.67,0.8592976
100,29,qwen2.5-72b,0.63,0.7674881
100,30,Llama-3.1-8B,0.54,0.78697634
100,30,Llama-3.2-1B,0.25,0.52628577
100,30,Llama-3.2-3B,0.43,0.6961429
100,30,Qwen2.5-0.5B,0.12,0.36355957
100,30,Qwen2.5-1.5B,0.34,0.5764167
100,30,Qwen2.5-3B,0.37,0.6687143
100,30,Qwen2.5-7B,0.53,0.7870476
100,30,deepseek-v3,0.69,0.8906429
100,30,gemma-2-2b,0.4,0.66570234
100,30,gemma-2-9b,0.56,0.7546548
100,30,llama3.1-405b,0.67,0.8594048
100,30,llama3.3-70b,0.65,0.87939286
100,30,mistral-large,0.71,0.87799996
100,30,qwen2.5-72b,0.57,0.7979049
100,31,Llama-3.1-8B,0.61,0.82586896
100,31,Llama-3.2-1B,0.32,0.57302374
100,31,Llama-3.2-3B,0.57,0.7877737
100,31,Qwen2.5-0.5B,0.16,0.4602619
100,31,Qwen2.5-1.5B,0.34,0.6224524
100,31,Qwen2.5-3B,0.55,0.7505834
100,31,Qwen2.5-7B,0.67,0.82984525
100,31,deepseek-v3,0.8,0.92765474
100,31,gemma-2-2b,0.51,0.7447023
100,31,gemma-2-9b,0.61,0.81579757
100,31,llama3.1-405b,0.64,0.8496547
100,31,llama3.3-70b,0.7,0.8843928
100,31,mistral-large,0.74,0.89325005
100,31,qwen2.5-72b,0.67,0.8406666
100,32,Llama-3.1-8B,0.61,0.79660714
100,32,Llama-3.2-1B,0.33,0.5610953
100,32,Llama-3.2-3B,0.48,0.713012
100,32,Qwen2.5-0.5B,0.13,0.36164284
100,32,Qwen2.5-1.5B,0.41,0.60725
100,32,Qwen2.5-3B,0.5,0.7341191
100,32,Qwen2.5-7B,0.64,0.81866664
100,32,deepseek-v3,0.78,0.92704755
100,32,gemma-2-2b,0.51,0.7508332
100,32,gemma-2-9b,0.64,0.8251191
100,32,llama3.1-405b,0.72,0.8738334
100,32,llama3.3-70b,0.76,0.91045237
100,32,mistral-large,0.75,0.90885705
100,32,qwen2.5-72b,0.65,0.8054286
100,33,Llama-3.1-8B,0.47,0.7427142
100,33,Llama-3.2-1B,0.29,0.5564404
100,33,Llama-3.2-3B,0.51,0.7900118
100,33,Qwen2.5-0.5B,0.13,0.41357148
100,33,Qwen2.5-1.5B,0.28,0.57126194
100,33,Qwen2.5-3B,0.46,0.734488
100,33,Qwen2.5-7B,0.54,0.83188087
100,33,deepseek-v3,0.71,0.90010715
100,33,gemma-2-2b,0.51,0.74645233
100,33,gemma-2-9b,0.56,0.8026786
100,33,llama3.1-405b,0.7,0.8689761
100,33,llama3.3-70b,0.65,0.8614643
100,33,mistral-large,0.61,0.84551185
100,33,qwen2.5-72b,0.65,0.8196428
100,34,Llama-3.1-8B,0.6,0.833369
100,34,Llama-3.2-1B,0.31,0.62407154
100,34,Llama-3.2-3B,0.57,0.77854764
100,34,Qwen2.5-0.5B,0.21,0.43580958
100,34,Qwen2.5-1.5B,0.39,0.63529754
100,34,Qwen2.5-3B,0.56,0.75128573
100,34,Qwen2.5-7B,0.63,0.8460595
100,34,deepseek-v3,0.76,0.9154881
100,34,gemma-2-2b,0.53,0.7329523
100,34,gemma-2-9b,0.61,0.8001429
100,34,llama3.1-405b,0.66,0.8472261
100,34,llama3.3-70b,0.71,0.88955957
100,34,mistral-large,0.64,0.8585595
100,34,qwen2.5-72b,0.66,0.8421547
100,35,Llama-3.1-8B,0.53,0.77508324
100,35,Llama-3.2-1B,0.26,0.5379525
100,35,Llama-3.2-3B,0.47,0.7044406
100,35,Qwen2.5-0.5B,0.14,0.41219047
100,35,Qwen2.5-1.5B,0.29,0.578381
100,35,Qwen2.5-3B,0.44,0.6950119
100,35,Qwen2.5-7B,0.52,0.7859762
100,35,deepseek-v3,0.71,0.8818333
100,35,gemma-2-2b,0.4,0.6574524
100,35,gemma-2-9b,0.53,0.7848571
100,35,llama3.1-405b,0.68,0.86094046
100,35,llama3.3-70b,0.68,0.8800953
100,35,mistral-large,0.66,0.86327386
100,35,qwen2.5-72b,0.54,0.7825833
100,36,Llama-3.1-8B,0.53,0.7885478
100,36,Llama-3.2-1B,0.29,0.5630953
100,36,Llama-3.2-3B,0.48,0.73316675
100,36,Qwen2.5-0.5B,0.19,0.45652387
100,36,Qwen2.5-1.5B,0.3,0.55060714
100,36,Qwen2.5-3B,0.51,0.74134535
100,36,Qwen2.5-7B,0.64,0.8422977
100,36,deepseek-v3,0.77,0.9275477
100,36,gemma-2-2b,0.53,0.7544406
100,36,gemma-2-9b,0.6,0.81873816
100,36,llama3.1-405b,0.64,0.828262
100,36,llama3.3-70b,0.67,0.88301194
100,36,mistral-large,0.69,0.8975357
100,36,qwen2.5-72b,0.58,0.78840494
100,37,Llama-3.1-8B,0.43,0.7078809
100,37,Llama-3.2-1B,0.27,0.4952976
100,37,Llama-3.2-3B,0.44,0.69134516
100,37,Qwen2.5-0.5B,0.14,0.3903809
100,37,Qwen2.5-1.5B,0.32,0.5626309
100,37,Qwen2.5-3B,0.5,0.69661903
100,37,Qwen2.5-7B,0.64,0.806
100,37,deepseek-v3,0.8,0.9182382
100,37,gemma-2-2b,0.37,0.67116666
100,37,gemma-2-9b,0.47,0.70405954
100,37,llama3.1-405b,0.69,0.8499405
100,37,llama3.3-70b,0.71,0.8776548
100,37,mistral-large,0.64,0.83347625
100,37,qwen2.5-72b,0.58,0.74023813
100,38,Llama-3.1-8B,0.62,0.8265477
100,38,Llama-3.2-1B,0.37,0.6016309
100,38,Llama-3.2-3B,0.53,0.7461785
100,38,Qwen2.5-0.5B,0.14,0.3657738
100,38,Qwen2.5-1.5B,0.32,0.55622613
100,38,Qwen2.5-3B,0.49,0.7168333
100,38,Qwen2.5-7B,0.57,0.77463096
100,38,deepseek-v3,0.81,0.9252501
100,38,gemma-2-2b,0.52,0.7390238
100,38,gemma-2-9b,0.63,0.822631
100,38,llama3.1-405b,0.73,0.8727976
100,38,llama3.3-70b,0.77,0.9074881
100,38,mistral-large,0.75,0.8997143
100,38,qwen2.5-72b,0.69,0.8228929
100,39,Llama-3.1-8B,0.63,0.79713094
100,39,Llama-3.2-1B,0.35,0.5394167
100,39,Llama-3.2-3B,0.55,0.76595235
100,39,Qwen2.5-0.5B,0.12,0.38726193
100,39,Qwen2.5-1.5B,0.37,0.5723215
100,39,Qwen2.5-3B,0.53,0.7767143
100,39,Qwen2.5-7B,0.65,0.81830955
100,39,deepseek-v3,0.83,0.9352381
100,39,gemma-2-2b,0.55,0.727512
100,39,gemma-2-9b,0.65,0.82465494
100,39,llama3.1-405b,0.66,0.8534881
100,39,llama3.3-70b,0.73,0.88173795
100,39,mistral-large,0.73,0.89865476
100,39,qwen2.5-72b,0.64,0.7928215
100,40,Llama-3.1-8B,0.49,0.75095236
100,40,Llama-3.2-1B,0.3,0.5882381
100,40,Llama-3.2-3B,0.52,0.73375
100,40,Qwen2.5-0.5B,0.15,0.37846434
100,40,Qwen2.5-1.5B,0.31,0.52911913
100,40,Qwen2.5-3B,0.47,0.68222624
100,40,Qwen2.5-7B,0.6,0.8070833
100,40,deepseek-v3,0.75,0.9025476
100,40,gemma-2-2b,0.5,0.7158333
100,40,gemma-2-9b,0.63,0.8016429
100,40,llama3.1-405b,0.7,0.8653929
100,40,llama3.3-70b,0.71,0.8877262
100,40,mistral-large,0.67,0.8622738
100,40,qwen2.5-72b,0.66,0.8137262
100,41,Llama-3.1-8B,0.53,0.76620233
100,41,Llama-3.2-1B,0.36,0.59946436
100,41,Llama-3.2-3B,0.46,0.7135238
100,41,Qwen2.5-0.5B,0.14,0.38297614
100,41,Qwen2.5-1.5B,0.28,0.56427383
100,41,Qwen2.5-3B,0.57,0.76944053
100,41,Qwen2.5-7B,0.63,0.8510476
100,41,deepseek-v3,0.77,0.9208213
100,41,gemma-2-2b,0.52,0.7802856
100,41,gemma-2-9b,0.57,0.7749643
100,41,llama3.1-405b,0.65,0.864476
100,41,llama3.3-70b,0.73,0.8872141
100,41,mistral-large,0.75,0.9186546
100,41,qwen2.5-72b,0.63,0.80336905
100,42,Llama-3.1-8B,0.51,0.78136903
100,42,Llama-3.2-1B,0.3,0.58191663
100,42,Llama-3.2-3B,0.43,0.69525003
100,42,Qwen2.5-0.5B,0.15,0.38989285
100,42,Qwen2.5-1.5B,0.29,0.57505953
100,42,Qwen2.5-3B,0.4,0.6513452
100,42,Qwen2.5-7B,0.59,0.79759526
100,42,deepseek-v3,0.79,0.9223096
100,42,gemma-2-2b,0.47,0.70946425
100,42,gemma-2-9b,0.56,0.75321424
100,42,llama3.1-405b,0.64,0.8061309
100,42,llama3.3-70b,0.72,0.8896191
100,42,mistral-large,0.71,0.87413096
100,42,qwen2.5-72b,0.6,0.776131
100,43,Llama-3.1-8B,0.68,0.8419287
100,43,Llama-3.2-1B,0.29,0.5824168
100,43,Llama-3.2-3B,0.62,0.830619
100,43,Qwen2.5-0.5B,0.2,0.44147617
100,43,Qwen2.5-1.5B,0.46,0.6463214
100,43,Qwen2.5-3B,0.53,0.74988097
100,43,Qwen2.5-7B,0.62,0.8130357
100,43,deepseek-v3,0.79,0.9288453
100,43,gemma-2-2b,0.54,0.7353571
100,43,gemma-2-9b,0.65,0.79192847
100,43,llama3.1-405b,0.67,0.8653572
100,43,llama3.3-70b,0.72,0.87702394
100,43,mistral-large,0.71,0.89053565
100,43,qwen2.5-72b,0.6,0.79136896
100,44,Llama-3.1-8B,0.62,0.7944524
100,44,Llama-3.2-1B,0.39,0.60241663
100,44,Llama-3.2-3B,0.57,0.76580954
100,44,Qwen2.5-0.5B,0.17,0.41277382
100,44,Qwen2.5-1.5B,0.37,0.5950476
100,44,Qwen2.5-3B,0.53,0.7570239
100,44,Qwen2.5-7B,0.69,0.84669036
100,44,deepseek-v3,0.82,0.937619
100,44,gemma-2-2b,0.58,0.7367143
100,44,gemma-2-9b,0.64,0.7922976
100,44,llama3.1-405b,0.71,0.86047614
100,44,llama3.3-70b,0.74,0.8855476
100,44,mistral-large,0.78,0.91554755
100,44,qwen2.5-72b,0.72,0.8485714
100,45,Llama-3.1-8B,0.57,0.7901786
100,45,Llama-3.2-1B,0.34,0.6138215
100,45,Llama-3.2-3B,0.47,0.71599996
100,45,Qwen2.5-0.5B,0.17,0.43908337
100,45,Qwen2.5-1.5B,0.34,0.6101191
100,45,Qwen2.5-3B,0.46,0.7188095
100,45,Qwen2.5-7B,0.56,0.8007262
100,45,deepseek-v3,0.69,0.8707858
100,45,gemma-2-2b,0.52,0.7463452
100,45,gemma-2-9b,0.53,0.77672607
100,45,llama3.1-405b,0.67,0.8592499
100,45,llama3.3-70b,0.63,0.83892846
100,45,mistral-large,0.68,0.85811895
100,45,qwen2.5-72b,0.6,0.79202384
100,46,Llama-3.1-8B,0.64,0.8235951
100,46,Llama-3.2-1B,0.41,0.6078452
100,46,Llama-3.2-3B,0.55,0.7726667
100,46,Qwen2.5-0.5B,0.18,0.45078576
100,46,Qwen2.5-1.5B,0.45,0.6436072
100,46,Qwen2.5-3B,0.56,0.7715237
100,46,Qwen2.5-7B,0.66,0.82396424
100,46,deepseek-v3,0.82,0.9298213
100,46,gemma-2-2b,0.57,0.77674997
100,46,gemma-2-9b,0.73,0.8449522
100,46,llama3.1-405b,0.74,0.8612856
100,46,llama3.3-70b,0.75,0.8970594
100,46,mistral-large,0.76,0.90645224
100,46,qwen2.5-72b,0.68,0.8024167
100,47,Llama-3.1-8B,0.62,0.8178692
100,47,Llama-3.2-1B,0.28,0.5107857
100,47,Llama-3.2-3B,0.49,0.7113096
100,47,Qwen2.5-0.5B,0.17,0.39576194
100,47,Qwen2.5-1.5B,0.35,0.5872023
100,47,Qwen2.5-3B,0.46,0.6860239
100,47,Qwen2.5-7B,0.65,0.8301192
100,47,deepseek-v3,0.74,0.89453566
100,47,gemma-2-2b,0.49,0.6941905
100,47,gemma-2-9b,0.65,0.8066071
100,47,llama3.1-405b,0.7,0.84410715
100,47,llama3.3-70b,0.69,0.8566072
100,47,mistral-large,0.74,0.897631
100,47,qwen2.5-72b,0.61,0.78570247
100,48,Llama-3.1-8B,0.52,0.74551183
100,48,Llama-3.2-1B,0.23,0.53707147
100,48,Llama-3.2-3B,0.49,0.73050004
100,48,Qwen2.5-0.5B,0.13,0.38421428
100,48,Qwen2.5-1.5B,0.34,0.5409167
100,48,Qwen2.5-3B,0.54,0.7505119
100,48,Qwen2.5-7B,0.65,0.84330946
100,48,deepseek-v3,0.77,0.92130953
100,48,gemma-2-2b,0.51,0.7557022
100,48,gemma-2-9b,0.55,0.7424762
100,48,llama3.1-405b,0.74,0.8804523
100,48,llama3.3-70b,0.7,0.85160697
100,48,mistral-large,0.72,0.8835476
100,48,qwen2.5-72b,0.67,0.82675
100,49,Llama-3.1-8B,0.63,0.8232142
100,49,Llama-3.2-1B,0.36,0.62347627
100,49,Llama-3.2-3B,0.51,0.7302382
100,49,Qwen2.5-0.5B,0.23,0.42820227
100,49,Qwen2.5-1.5B,0.41,0.6336667
100,49,Qwen2.5-3B,0.55,0.7772381
100,49,Qwen2.5-7B,0.66,0.8290119
100,49,deepseek-v3,0.77,0.89905953
100,49,gemma-2-2b,0.51,0.75317854
100,49,gemma-2-9b,0.66,0.8034761
100,49,llama3.1-405b,0.7,0.84173805
100,49,llama3.3-70b,0.75,0.90289277
100,49,mistral-large,0.72,0.88807136
100,49,qwen2.5-72b,0.7,0.82165474
250,0,Llama-3.1-8B,0.552,0.7708715
250,0,Llama-3.2-1B,0.236,0.5371476
250,0,Llama-3.2-3B,0.508,0.73464775
250,0,Qwen2.5-0.5B,0.16,0.3706429
250,0,Qwen2.5-1.5B,0.328,0.5515619
250,0,Qwen2.5-3B,0.528,0.74332386
250,0,Qwen2.5-7B,0.564,0.77645713
250,0,deepseek-v3,0.716,0.8879478
250,0,gemma-2-2b,0.464,0.7055856
250,0,gemma-2-9b,0.576,0.7804381
250,0,llama3.1-405b,0.664,0.8519192
250,0,llama3.3-70b,0.7,0.8687192
250,0,mistral-large,0.724,0.8793572
250,0,qwen2.5-72b,0.644,0.78598106
250,1,Llama-3.1-8B,0.58,0.7950191
250,1,Llama-3.2-1B,0.308,0.5460667
250,1,Llama-3.2-3B,0.508,0.74202865
250,1,Qwen2.5-0.5B,0.204,0.42884755
250,1,Qwen2.5-1.5B,0.368,0.6016714
250,1,Qwen2.5-3B,0.484,0.73492867
250,1,Qwen2.5-7B,0.6,0.8102429
250,1,deepseek-v3,0.808,0.9261572
250,1,gemma-2-2b,0.532,0.7349429
250,1,gemma-2-9b,0.604,0.7877905
250,1,llama3.1-405b,0.716,0.870881
250,1,llama3.3-70b,0.772,0.9092572
250,1,mistral-large,0.7,0.8850811
250,1,qwen2.5-72b,0.656,0.8223573
250,2,Llama-3.1-8B,0.604,0.8150575
250,2,Llama-3.2-1B,0.316,0.5414714
250,2,Llama-3.2-3B,0.544,0.7493239
250,2,Qwen2.5-0.5B,0.184,0.40017137
250,2,Qwen2.5-1.5B,0.344,0.581157
250,2,Qwen2.5-3B,0.548,0.74907637
250,2,Qwen2.5-7B,0.664,0.8297336
250,2,deepseek-v3,0.78,0.9228857
250,2,gemma-2-2b,0.536,0.74363357
250,2,gemma-2-9b,0.648,0.8167762
250,2,llama3.1-405b,0.712,0.8831477
250,2,llama3.3-70b,0.784,0.91711926
250,2,mistral-large,0.72,0.88820016
250,2,qwen2.5-72b,0.696,0.8289142
250,3,Llama-3.1-8B,0.596,0.8111762
250,3,Llama-3.2-1B,0.348,0.5951286
250,3,Llama-3.2-3B,0.536,0.7459763
250,3,Qwen2.5-0.5B,0.132,0.37233812
250,3,Qwen2.5-1.5B,0.324,0.5543333
250,3,Qwen2.5-3B,0.488,0.7160954
250,3,Qwen2.5-7B,0.628,0.82313335
250,3,deepseek-v3,0.788,0.9224096
250,3,gemma-2-2b,0.504,0.7422571
250,3,gemma-2-9b,0.612,0.7868097
250,3,llama3.1-405b,0.696,0.8610431
250,3,llama3.3-70b,0.768,0.9081048
250,3,mistral-large,0.76,0.91227645
250,3,qwen2.5-72b,0.644,0.80209523
250,4,Llama-3.1-8B,0.568,0.76336676
250,4,Llama-3.2-1B,0.268,0.5354811
250,4,Llama-3.2-3B,0.52,0.7375287
250,4,Qwen2.5-0.5B,0.204,0.4166571
250,4,Qwen2.5-1.5B,0.336,0.56378573
250,4,Qwen2.5-3B,0.488,0.7144429
250,4,Qwen2.5-7B,0.636,0.8242667
250,4,deepseek-v3,0.76,0.9048145
250,4,gemma-2-2b,0.496,0.72078586
250,4,gemma-2-9b,0.588,0.78607625
250,4,llama3.1-405b,0.708,0.86499053
250,4,llama3.3-70b,0.724,0.8916382
250,4,mistral-large,0.716,0.88995725
250,4,qwen2.5-72b,0.636,0.7931668
250,5,Llama-3.1-8B,0.596,0.8014333
250,5,Llama-3.2-1B,0.296,0.56756663
250,5,Llama-3.2-3B,0.532,0.75045246
250,5,Qwen2.5-0.5B,0.152,0.39136192
250,5,Qwen2.5-1.5B,0.296,0.5662904
250,5,Qwen2.5-3B,0.496,0.7215143
250,5,Qwen2.5-7B,0.624,0.799124
250,5,deepseek-v3,0.768,0.9224336
250,5,gemma-2-2b,0.496,0.73215723
250,5,gemma-2-9b,0.592,0.79256696
250,5,llama3.1-405b,0.704,0.85619074
250,5,llama3.3-70b,0.744,0.89014304
250,5,mistral-large,0.7,0.87554306
250,5,qwen2.5-72b,0.648,0.8118001
250,6,Llama-3.1-8B,0.588,0.7940095
250,6,Llama-3.2-1B,0.348,0.5978286
250,6,Llama-3.2-3B,0.532,0.7583667
250,6,Qwen2.5-0.5B,0.164,0.3747762
250,6,Qwen2.5-1.5B,0.324,0.5862857
250,6,Qwen2.5-3B,0.5,0.73363346
250,6,Qwen2.5-7B,0.596,0.8152239
250,6,deepseek-v3,0.78,0.92360955
250,6,gemma-2-2b,0.504,0.7424429
250,6,gemma-2-9b,0.668,0.8252999
250,6,llama3.1-405b,0.704,0.87469536
250,6,llama3.3-70b,0.708,0.8864334
250,6,mistral-large,0.732,0.9029334
250,6,qwen2.5-72b,0.648,0.81204283
250,7,Llama-3.1-8B,0.6,0.81435716
250,7,Llama-3.2-1B,0.28,0.58636653
250,7,Llama-3.2-3B,0.504,0.7589332
250,7,Qwen2.5-0.5B,0.124,0.3610047
250,7,Qwen2.5-1.5B,0.332,0.58001435
250,7,Qwen2.5-3B,0.424,0.6972428
250,7,Qwen2.5-7B,0.588,0.80256194
250,7,deepseek-v3,0.788,0.910343
250,7,gemma-2-2b,0.548,0.77269524
250,7,gemma-2-9b,0.596,0.802562
250,7,llama3.1-405b,0.692,0.86603814
250,7,llama3.3-70b,0.776,0.9140953
250,7,mistral-large,0.716,0.89267635
250,7,qwen2.5-72b,0.592,0.7669763
250,8,Llama-3.1-8B,0.604,0.81285256
250,8,Llama-3.2-1B,0.34,0.60797155
250,8,Llama-3.2-3B,0.512,0.762157
250,8,Qwen2.5-0.5B,0.188,0.40904284
250,8,Qwen2.5-1.5B,0.38,0.629581
250,8,Qwen2.5-3B,0.536,0.75901425
250,8,Qwen2.5-7B,0.644,0.82485723
250,8,deepseek-v3,0.772,0.90647626
250,8,gemma-2-2b,0.584,0.78752863
250,8,gemma-2-9b,0.612,0.8091906
250,8,llama3.1-405b,0.72,0.879043
250,8,llama3.3-70b,0.756,0.8922667
250,8,mistral-large,0.74,0.8952191
250,8,qwen2.5-72b,0.696,0.83132386
250,9,Llama-3.1-8B,0.632,0.8272333
250,9,Llama-3.2-1B,0.336,0.5821572
250,9,Llama-3.2-3B,0.536,0.7639381
250,9,Qwen2.5-0.5B,0.144,0.40601432
250,9,Qwen2.5-1.5B,0.368,0.5939858
250,9,Qwen2.5-3B,0.516,0.7277049
250,9,Qwen2.5-7B,0.632,0.82440484
250,9,deepseek-v3,0.784,0.9237286
250,9,gemma-2-2b,0.508,0.74188095
250,9,gemma-2-9b,0.58,0.8084095
250,9,llama3.1-405b,0.728,0.88549054
250,9,llama3.3-70b,0.712,0.8920001
250,9,mistral-large,0.704,0.88740003
250,9,qwen2.5-72b,0.636,0.80237144
250,10,Llama-3.1-8B,0.608,0.8198096
250,10,Llama-3.2-1B,0.292,0.5761668
250,10,Llama-3.2-3B,0.556,0.7505809
250,10,Qwen2.5-0.5B,0.14,0.37191436
250,10,Qwen2.5-1.5B,0.272,0.5703192
250,10,Qwen2.5-3B,0.536,0.7685953
250,10,Qwen2.5-7B,0.612,0.8299477
250,10,deepseek-v3,0.768,0.90982866
250,10,gemma-2-2b,0.548,0.7636382
250,10,gemma-2-9b,0.584,0.8042048
250,10,llama3.1-405b,0.692,0.8602382
250,10,llama3.3-70b,0.7,0.889543
250,10,mistral-large,0.72,0.8982335
250,10,qwen2.5-72b,0.64,0.8114858
250,11,Llama-3.1-8B,0.588,0.798424
250,11,Llama-3.2-1B,0.256,0.5564666
250,11,Llama-3.2-3B,0.492,0.7638954
250,11,Qwen2.5-0.5B,0.168,0.40677142
250,11,Qwen2.5-1.5B,0.352,0.6049952
250,11,Qwen2.5-3B,0.508,0.7553859
250,11,Qwen2.5-7B,0.596,0.81195253
250,11,deepseek-v3,0.752,0.9172954
250,11,gemma-2-2b,0.496,0.7610427
250,11,gemma-2-9b,0.628,0.8296572
250,11,llama3.1-405b,0.68,0.8627859
250,11,llama3.3-70b,0.712,0.89265245
250,11,mistral-large,0.696,0.88484776
250,11,qwen2.5-72b,0.66,0.8286763
250,12,Llama-3.1-8B,0.624,0.8055335
250,12,Llama-3.2-1B,0.296,0.5312573
250,12,Llama-3.2-3B,0.488,0.70195246
250,12,Qwen2.5-0.5B,0.148,0.3674619
250,12,Qwen2.5-1.5B,0.324,0.5426477
250,12,Qwen2.5-3B,0.496,0.6991714
250,12,Qwen2.5-7B,0.576,0.77332383
250,12,deepseek-v3,0.768,0.9115192
250,12,gemma-2-2b,0.556,0.7458525
250,12,gemma-2-9b,0.592,0.7705952
250,12,llama3.1-405b,0.668,0.83678585
250,12,llama3.3-70b,0.7,0.8617573
250,12,mistral-large,0.752,0.89604753
250,12,qwen2.5-72b,0.628,0.7796476
250,13,Llama-3.1-8B,0.604,0.7991189
250,13,Llama-3.2-1B,0.312,0.55940944
250,13,Llama-3.2-3B,0.544,0.74580956
250,13,Qwen2.5-0.5B,0.172,0.4031095
250,13,Qwen2.5-1.5B,0.36,0.5761763
250,13,Qwen2.5-3B,0.52,0.7526142
250,13,Qwen2.5-7B,0.672,0.8357571
250,13,deepseek-v3,0.796,0.9167096
250,13,gemma-2-2b,0.492,0.7311856
250,13,gemma-2-9b,0.596,0.78889054
250,13,llama3.1-405b,0.716,0.8663713
250,13,llama3.3-70b,0.72,0.88596666
250,13,mistral-large,0.744,0.89418554
250,13,qwen2.5-72b,0.664,0.8290905
250,14,Llama-3.1-8B,0.552,0.77633816
250,14,Llama-3.2-1B,0.276,0.56185716
250,14,Llama-3.2-3B,0.484,0.7275428
250,14,Qwen2.5-0.5B,0.14,0.3893
250,14,Qwen2.5-1.5B,0.268,0.5640714
250,14,Qwen2.5-3B,0.428,0.69412386
250,14,Qwen2.5-7B,0.616,0.8184524
250,14,deepseek-v3,0.736,0.9058764
250,14,gemma-2-2b,0.488,0.7260953
250,14,gemma-2-9b,0.596,0.7916238
250,14,llama3.1-405b,0.68,0.84540004
250,14,llama3.3-70b,0.724,0.8813239
250,14,mistral-large,0.724,0.8966954
250,14,qwen2.5-72b,0.632,0.80573344
250,15,Llama-3.1-8B,0.552,0.7857906
250,15,Llama-3.2-1B,0.312,0.53597146
250,15,Llama-3.2-3B,0.52,0.7521478
250,15,Qwen2.5-0.5B,0.14,0.36789995
250,15,Qwen2.5-1.5B,0.308,0.57082385
250,15,Qwen2.5-3B,0.532,0.7538714
250,15,Qwen2.5-7B,0.612,0.812524
250,15,deepseek-v3,0.792,0.92303824
250,15,gemma-2-2b,0.496,0.73107624
250,15,gemma-2-9b,0.616,0.8055764
250,15,llama3.1-405b,0.684,0.86002874
250,15,llama3.3-70b,0.756,0.9022572
250,15,mistral-large,0.728,0.8923334
250,15,qwen2.5-72b,0.688,0.84043336
250,16,Llama-3.1-8B,0.552,0.79515254
250,16,Llama-3.2-1B,0.324,0.5786858
250,16,Llama-3.2-3B,0.5,0.7663811
250,16,Qwen2.5-0.5B,0.136,0.380019
250,16,Qwen2.5-1.5B,0.308,0.57790005
250,16,Qwen2.5-3B,0.468,0.7329621
250,16,Qwen2.5-7B,0.588,0.8206003
250,16,deepseek-v3,0.708,0.89350015
250,16,gemma-2-2b,0.484,0.7420384
250,16,gemma-2-9b,0.56,0.79232395
250,16,llama3.1-405b,0.668,0.86097634
250,16,llama3.3-70b,0.696,0.871605
250,16,mistral-large,0.688,0.86915255
250,16,qwen2.5-72b,0.636,0.8187002
250,17,Llama-3.1-8B,0.604,0.8169191
250,17,Llama-3.2-1B,0.304,0.5687714
250,17,Llama-3.2-3B,0.52,0.7616286
250,17,Qwen2.5-0.5B,0.144,0.40428558
250,17,Qwen2.5-1.5B,0.328,0.59566665
250,17,Qwen2.5-3B,0.524,0.7606572
250,17,Qwen2.5-7B,0.616,0.8135524
250,17,deepseek-v3,0.732,0.91169524
250,17,gemma-2-2b,0.504,0.76101416
250,17,gemma-2-9b,0.588,0.80950004
250,17,llama3.1-405b,0.724,0.8986762
250,17,llama3.3-70b,0.728,0.8963857
250,17,mistral-large,0.704,0.8909572
250,17,qwen2.5-72b,0.644,0.8298619
250,18,Llama-3.1-8B,0.592,0.81066173
250,18,Llama-3.2-1B,0.36,0.5899476
250,18,Llama-3.2-3B,0.54,0.767519
250,18,Qwen2.5-0.5B,0.184,0.4270666
250,18,Qwen2.5-1.5B,0.352,0.6129905
250,18,Qwen2.5-3B,0.52,0.7573476
250,18,Qwen2.5-7B,0.656,0.835181
250,18,deepseek-v3,0.788,0.93099064
250,18,gemma-2-2b,0.588,0.79355234
250,18,gemma-2-9b,0.644,0.8263333
250,18,llama3.1-405b,0.712,0.8773238
250,18,llama3.3-70b,0.776,0.91185224
250,18,mistral-large,0.752,0.90754765
250,18,qwen2.5-72b,0.672,0.83041435
250,19,Llama-3.1-8B,0.564,0.78727144
250,19,Llama-3.2-1B,0.32,0.5725904
250,19,Llama-3.2-3B,0.524,0.75554746
250,19,Qwen2.5-0.5B,0.156,0.40747148
250,19,Qwen2.5-1.5B,0.312,0.5816047
250,19,Qwen2.5-3B,0.52,0.73303795
250,19,Qwen2.5-7B,0.616,0.81171894
250,19,deepseek-v3,0.784,0.9190859
250,19,gemma-2-2b,0.572,0.7679905
250,19,gemma-2-9b,0.632,0.8051859
250,19,llama3.1-405b,0.644,0.8298573
250,19,llama3.3-70b,0.732,0.88429064
250,19,mistral-large,0.68,0.8736669
250,19,qwen2.5-72b,0.64,0.79974294
250,20,Llama-3.1-8B,0.596,0.80038095
250,20,Llama-3.2-1B,0.34,0.5882619
250,20,Llama-3.2-3B,0.5,0.7405525
250,20,Qwen2.5-0.5B,0.18,0.40296188
250,20,Qwen2.5-1.5B,0.336,0.58865714
250,20,Qwen2.5-3B,0.516,0.7500906
250,20,Qwen2.5-7B,0.6,0.8028141
250,20,deepseek-v3,0.796,0.9202668
250,20,gemma-2-2b,0.516,0.77013814
250,20,gemma-2-9b,0.588,0.80180955
250,20,llama3.1-405b,0.716,0.86530966
250,20,llama3.3-70b,0.7,0.874381
250,20,mistral-large,0.708,0.8842049
250,20,qwen2.5-72b,0.656,0.82295233
250,21,Llama-3.1-8B,0.6,0.8162525
250,21,Llama-3.2-1B,0.344,0.59629047
250,21,Llama-3.2-3B,0.512,0.76117635
250,21,Qwen2.5-0.5B,0.168,0.40809053
250,21,Qwen2.5-1.5B,0.36,0.6301001
250,21,Qwen2.5-3B,0.528,0.75724775
250,21,Qwen2.5-7B,0.664,0.83712405
250,21,deepseek-v3,0.8,0.92614305
250,21,gemma-2-2b,0.54,0.7669333
250,21,gemma-2-9b,0.652,0.83555704
250,21,llama3.1-405b,0.716,0.8778525
250,21,llama3.3-70b,0.744,0.8924571
250,21,mistral-large,0.72,0.89424306
250,21,qwen2.5-72b,0.62,0.81229544
250,22,Llama-3.1-8B,0.62,0.7961144
250,22,Llama-3.2-1B,0.352,0.603062
250,22,Llama-3.2-3B,0.548,0.7559666
250,22,Qwen2.5-0.5B,0.144,0.38246185
250,22,Qwen2.5-1.5B,0.328,0.55632377
250,22,Qwen2.5-3B,0.532,0.7302097
250,22,Qwen2.5-7B,0.672,0.83919525
250,22,deepseek-v3,0.84,0.93624294
250,22,gemma-2-2b,0.536,0.7131905
250,22,gemma-2-9b,0.624,0.7884572
250,22,llama3.1-405b,0.728,0.8657382
250,22,llama3.3-70b,0.756,0.90172863
250,22,mistral-large,0.816,0.9248668
250,22,qwen2.5-72b,0.656,0.7952906
250,23,Llama-3.1-8B,0.596,0.7828001
250,23,Llama-3.2-1B,0.336,0.5604618
250,23,Llama-3.2-3B,0.54,0.73375237
250,23,Qwen2.5-0.5B,0.168,0.3932858
250,23,Qwen2.5-1.5B,0.36,0.58274764
250,23,Qwen2.5-3B,0.476,0.69429994
250,23,Qwen2.5-7B,0.596,0.7959238
250,23,deepseek-v3,0.78,0.9079095
250,23,gemma-2-2b,0.46,0.7030333
250,23,gemma-2-9b,0.612,0.7999525
250,23,llama3.1-405b,0.688,0.82770956
250,23,llama3.3-70b,0.7,0.8729667
250,23,mistral-large,0.712,0.8735096
250,23,qwen2.5-72b,0.652,0.7906858
250,24,Llama-3.1-8B,0.576,0.7876048
250,24,Llama-3.2-1B,0.32,0.5720428
250,24,Llama-3.2-3B,0.508,0.7285668
250,24,Qwen2.5-0.5B,0.144,0.39324757
250,24,Qwen2.5-1.5B,0.312,0.56450486
250,24,Qwen2.5-3B,0.512,0.71521914
250,24,Qwen2.5-7B,0.628,0.8070097
250,24,deepseek-v3,0.768,0.90390956
250,24,gemma-2-2b,0.488,0.7122574
250,24,gemma-2-9b,0.556,0.7605715
250,24,llama3.1-405b,0.664,0.8548431
250,24,llama3.3-70b,0.732,0.8805811
250,24,mistral-large,0.748,0.8927906
250,24,qwen2.5-72b,0.624,0.7811619
250,25,Llama-3.1-8B,0.576,0.7877525
250,25,Llama-3.2-1B,0.292,0.56478566
250,25,Llama-3.2-3B,0.492,0.72057647
250,25,Qwen2.5-0.5B,0.148,0.37349996
250,25,Qwen2.5-1.5B,0.32,0.55405235
250,25,Qwen2.5-3B,0.492,0.7150524
250,25,Qwen2.5-7B,0.584,0.7785524
250,25,deepseek-v3,0.772,0.90744305
250,25,gemma-2-2b,0.496,0.7171191
250,25,gemma-2-9b,0.62,0.8020334
250,25,llama3.1-405b,0.684,0.85426676
250,25,llama3.3-70b,0.712,0.8868859
250,25,mistral-large,0.728,0.88438594
250,25,qwen2.5-72b,0.652,0.80681443
250,26,Llama-3.1-8B,0.568,0.80705726
250,26,Llama-3.2-1B,0.3,0.5664715
250,26,Llama-3.2-3B,0.512,0.7489239
250,26,Qwen2.5-0.5B,0.136,0.36087146
250,26,Qwen2.5-1.5B,0.288,0.554362
250,26,Qwen2.5-3B,0.496,0.73892874
250,26,Qwen2.5-7B,0.556,0.77939534
250,26,deepseek-v3,0.756,0.9084619
250,26,gemma-2-2b,0.488,0.72510976
250,26,gemma-2-9b,0.572,0.7971669
250,26,llama3.1-405b,0.64,0.83820486
250,26,llama3.3-70b,0.7,0.8731382
250,26,mistral-large,0.676,0.87609535
250,26,qwen2.5-72b,0.588,0.78143346
250,27,Llama-3.1-8B,0.592,0.8100572
250,27,Llama-3.2-1B,0.312,0.57635725
250,27,Llama-3.2-3B,0.512,0.765862
250,27,Qwen2.5-0.5B,0.128,0.39307147
250,27,Qwen2.5-1.5B,0.344,0.59279996
250,27,Qwen2.5-3B,0.512,0.749062
250,27,Qwen2.5-7B,0.644,0.83583814
250,27,deepseek-v3,0.756,0.9088572
250,27,gemma-2-2b,0.512,0.75134295
250,27,gemma-2-9b,0.62,0.81081426
250,27,llama3.1-405b,0.708,0.8628857
250,27,llama3.3-70b,0.748,0.89812857
250,27,mistral-large,0.74,0.89571446
250,27,qwen2.5-72b,0.656,0.8094666
250,28,Llama-3.1-8B,0.564,0.78310007
250,28,Llama-3.2-1B,0.34,0.5654477
250,28,Llama-3.2-3B,0.488,0.7309001
250,28,Qwen2.5-0.5B,0.172,0.43349996
250,28,Qwen2.5-1.5B,0.344,0.5758381
250,28,Qwen2.5-3B,0.484,0.7217334
250,28,Qwen2.5-7B,0.624,0.828043
250,28,deepseek-v3,0.728,0.89784294
250,28,gemma-2-2b,0.504,0.7255143
250,28,gemma-2-9b,0.588,0.7975859
250,28,llama3.1-405b,0.66,0.8530525
250,28,llama3.3-70b,0.68,0.8739525
250,28,mistral-large,0.708,0.8759383
250,28,qwen2.5-72b,0.612,0.8077048
250,29,Llama-3.1-8B,0.648,0.82878095
250,29,Llama-3.2-1B,0.32,0.5768332
250,29,Llama-3.2-3B,0.592,0.7772715
250,29,Qwen2.5-0.5B,0.14,0.39079523
250,29,Qwen2.5-1.5B,0.316,0.55362856
250,29,Qwen2.5-3B,0.484,0.72679037
250,29,Qwen2.5-7B,0.644,0.8290523
250,29,deepseek-v3,0.792,0.93017626
250,29,gemma-2-2b,0.52,0.7480142
250,29,gemma-2-9b,0.66,0.837
250,29,llama3.1-405b,0.724,0.87016666
250,29,llama3.3-70b,0.764,0.91335243
250,29,mistral-large,0.772,0.9099905
250,29,qwen2.5-72b,0.68,0.8300808
250,30,Llama-3.1-8B,0.548,0.78903824
250,30,Llama-3.2-1B,0.296,0.54264766
250,30,Llama-3.2-3B,0.544,0.7597143
250,30,Qwen2.5-0.5B,0.16,0.41303337
250,30,Qwen2.5-1.5B,0.348,0.6124095
250,30,Qwen2.5-3B,0.548,0.76249045
250,30,Qwen2.5-7B,0.624,0.82622385
250,30,deepseek-v3,0.78,0.9243953
250,30,gemma-2-2b,0.52,0.7598668
250,30,gemma-2-9b,0.628,0.81682867
250,30,llama3.1-405b,0.712,0.8539523
250,30,llama3.3-70b,0.756,0.9113953
250,30,mistral-large,0.74,0.9035668
250,30,qwen2.5-72b,0.664,0.82686186
250,31,Llama-3.1-8B,0.628,0.81998575
250,31,Llama-3.2-1B,0.296,0.5548762
250,31,Llama-3.2-3B,0.564,0.78440005
250,31,Qwen2.5-0.5B,0.156,0.39341438
250,31,Qwen2.5-1.5B,0.336,0.58220005
250,31,Qwen2.5-3B,0.532,0.73915243
250,31,Qwen2.5-7B,0.64,0.83931917
250,31,deepseek-v3,0.756,0.91245246
250,31,gemma-2-2b,0.568,0.76583344
250,31,gemma-2-9b,0.68,0.8488954
250,31,llama3.1-405b,0.672,0.84789526
250,31,llama3.3-70b,0.732,0.88926667
250,31,mistral-large,0.744,0.897643
250,31,qwen2.5-72b,0.676,0.8402953
250,32,Llama-3.1-8B,0.532,0.7804572
250,32,Llama-3.2-1B,0.292,0.5685382
250,32,Llama-3.2-3B,0.5,0.74594295
250,32,Qwen2.5-0.5B,0.164,0.38865712
250,32,Qwen2.5-1.5B,0.312,0.5498286
250,32,Qwen2.5-3B,0.492,0.7221383
250,32,Qwen2.5-7B,0.584,0.810781
250,32,deepseek-v3,0.752,0.9126715
250,32,gemma-2-2b,0.488,0.7316905
250,32,gemma-2-9b,0.596,0.8100001
250,32,llama3.1-405b,0.672,0.8462096
250,32,llama3.3-70b,0.692,0.88845736
250,32,mistral-large,0.7,0.880081
250,32,qwen2.5-72b,0.592,0.77617145
250,33,Llama-3.1-8B,0.536,0.7718477
250,33,Llama-3.2-1B,0.292,0.5633618
250,33,Llama-3.2-3B,0.496,0.7519858
250,33,Qwen2.5-0.5B,0.136,0.37558097
250,33,Qwen2.5-1.5B,0.348,0.569
250,33,Qwen2.5-3B,0.516,0.7433286
250,33,Qwen2.5-7B,0.592,0.811519
250,33,deepseek-v3,0.732,0.9007572
250,33,gemma-2-2b,0.464,0.721462
250,33,gemma-2-9b,0.556,0.783143
250,33,llama3.1-405b,0.648,0.8448619
250,33,llama3.3-70b,0.708,0.8792857
250,33,mistral-large,0.692,0.87403333
250,33,qwen2.5-72b,0.64,0.82320946
250,34,Llama-3.1-8B,0.596,0.80142874
250,34,Llama-3.2-1B,0.336,0.59375244
250,34,Llama-3.2-3B,0.532,0.74248105
250,34,Qwen2.5-0.5B,0.144,0.38464758
250,34,Qwen2.5-1.5B,0.3,0.5743334
250,34,Qwen2.5-3B,0.52,0.73841906
250,34,Qwen2.5-7B,0.616,0.81456685
250,34,deepseek-v3,0.78,0.92394775
250,34,gemma-2-2b,0.52,0.75182873
250,34,gemma-2-9b,0.64,0.83539546
250,34,llama3.1-405b,0.724,0.87930006
250,34,llama3.3-70b,0.708,0.8919288
250,34,mistral-large,0.736,0.90532863
250,34,qwen2.5-72b,0.66,0.83499044
250,35,Llama-3.1-8B,0.62,0.8265526
250,35,Llama-3.2-1B,0.316,0.56296176
250,35,Llama-3.2-3B,0.564,0.7744667
250,35,Qwen2.5-0.5B,0.132,0.38256186
250,35,Qwen2.5-1.5B,0.368,0.59518564
250,35,Qwen2.5-3B,0.52,0.7343048
250,35,Qwen2.5-7B,0.608,0.8125382
250,35,deepseek-v3,0.788,0.92397624
250,35,gemma-2-2b,0.484,0.74374753
250,35,gemma-2-9b,0.644,0.81093335
250,35,llama3.1-405b,0.704,0.87540954
250,35,llama3.3-70b,0.748,0.90651906
250,35,mistral-large,0.724,0.8854906
250,35,qwen2.5-72b,0.632,0.80242383
250,36,Llama-3.1-8B,0.568,0.803886
250,36,Llama-3.2-1B,0.328,0.584
250,36,Llama-3.2-3B,0.476,0.7564668
250,36,Qwen2.5-0.5B,0.14,0.3700286
250,36,Qwen2.5-1.5B,0.292,0.56207615
250,36,Qwen2.5-3B,0.468,0.7316666
250,36,Qwen2.5-7B,0.604,0.8282144
250,36,deepseek-v3,0.736,0.90185255
250,36,gemma-2-2b,0.452,0.7384288
250,36,gemma-2-9b,0.54,0.79143345
250,36,llama3.1-405b,0.696,0.87602395
250,36,llama3.3-70b,0.672,0.89051443
250,36,mistral-large,0.696,0.8937003
250,36,qwen2.5-72b,0.604,0.8041048
250,37,Llama-3.1-8B,0.568,0.79985243
250,37,Llama-3.2-1B,0.332,0.60187614
250,37,Llama-3.2-3B,0.48,0.7432573
250,37,Qwen2.5-0.5B,0.196,0.43600956
250,37,Qwen2.5-1.5B,0.376,0.61166173
250,37,Qwen2.5-3B,0.5,0.7291095
250,37,Qwen2.5-7B,0.592,0.8252049
250,37,deepseek-v3,0.748,0.9150193
250,37,gemma-2-2b,0.464,0.74580485
250,37,gemma-2-9b,0.592,0.8091096
250,37,llama3.1-405b,0.688,0.86244774
250,37,llama3.3-70b,0.672,0.8608096
250,37,mistral-large,0.704,0.89115256
250,37,qwen2.5-72b,0.64,0.81729996
250,38,Llama-3.1-8B,0.6,0.8006571
250,38,Llama-3.2-1B,0.3,0.5554142
250,38,Llama-3.2-3B,0.5,0.7422001
250,38,Qwen2.5-0.5B,0.152,0.3805619
250,38,Qwen2.5-1.5B,0.396,0.6095144
250,38,Qwen2.5-3B,0.548,0.7534144
250,38,Qwen2.5-7B,0.584,0.79168594
250,38,deepseek-v3,0.776,0.9198286
250,38,gemma-2-2b,0.512,0.7354334
250,38,gemma-2-9b,0.608,0.79372865
250,38,llama3.1-405b,0.668,0.8651667
250,38,llama3.3-70b,0.716,0.8870238
250,38,mistral-large,0.72,0.89013344
250,38,qwen2.5-72b,0.596,0.77421904
250,39,Llama-3.1-8B,0.54,0.7831573
250,39,Llama-3.2-1B,0.32,0.5920571
250,39,Llama-3.2-3B,0.524,0.7452142
250,39,Qwen2.5-0.5B,0.136,0.37120476
250,39,Qwen2.5-1.5B,0.344,0.5918096
250,39,Qwen2.5-3B,0.468,0.7326905
250,39,Qwen2.5-7B,0.592,0.81679046
250,39,deepseek-v3,0.728,0.9012097
250,39,gemma-2-2b,0.496,0.7422715
250,39,gemma-2-9b,0.584,0.79376215
250,39,llama3.1-405b,0.684,0.866981
250,39,llama3.3-70b,0.676,0.87248576
250,39,mistral-large,0.648,0.8581763
250,39,qwen2.5-72b,0.624,0.8143573
250,40,Llama-3.1-8B,0.612,0.8248239
250,40,Llama-3.2-1B,0.3,0.57042855
250,40,Llama-3.2-3B,0.52,0.77438587
250,40,Qwen2.5-0.5B,0.136,0.3736951
250,40,Qwen2.5-1.5B,0.296,0.56884754
250,40,Qwen2.5-3B,0.472,0.7319572
250,40,Qwen2.5-7B,0.592,0.82532406
250,40,deepseek-v3,0.784,0.9258859
250,40,gemma-2-2b,0.572,0.7753763
250,40,gemma-2-9b,0.612,0.8128573
250,40,llama3.1-405b,0.728,0.88408583
250,40,llama3.3-70b,0.748,0.90766203
250,40,mistral-large,0.736,0.9036668
250,40,qwen2.5-72b,0.652,0.84250486
250,41,Llama-3.1-8B,0.584,0.7918715
250,41,Llama-3.2-1B,0.34,0.55914277
250,41,Llama-3.2-3B,0.524,0.74024767
250,41,Qwen2.5-0.5B,0.172,0.4099762
250,41,Qwen2.5-1.5B,0.348,0.5908189
250,41,Qwen2.5-3B,0.492,0.72259045
250,41,Qwen2.5-7B,0.616,0.8208475
250,41,deepseek-v3,0.788,0.92742866
250,41,gemma-2-2b,0.532,0.7397951
250,41,gemma-2-9b,0.6,0.78639054
250,41,llama3.1-405b,0.692,0.8554525
250,41,llama3.3-70b,0.736,0.89220953
250,41,mistral-large,0.72,0.8875143
250,41,qwen2.5-72b,0.684,0.8179333
250,42,Llama-3.1-8B,0.612,0.8021382
250,42,Llama-3.2-1B,0.36,0.58489996
250,42,Llama-3.2-3B,0.568,0.79234296
250,42,Qwen2.5-0.5B,0.148,0.37880018
250,42,Qwen2.5-1.5B,0.336,0.5810524
250,42,Qwen2.5-3B,0.568,0.7507382
250,42,Qwen2.5-7B,0.64,0.8145762
250,42,deepseek-v3,0.772,0.92009056
250,42,gemma-2-2b,0.52,0.74465734
250,42,gemma-2-9b,0.632,0.7944859
250,42,llama3.1-405b,0.7,0.85588586
250,42,llama3.3-70b,0.724,0.88589054
250,42,mistral-large,0.72,0.89058095
250,42,qwen2.5-72b,0.648,0.81103355
250,43,Llama-3.1-8B,0.608,0.800381
250,43,Llama-3.2-1B,0.336,0.57387143
250,43,Llama-3.2-3B,0.568,0.7573047
250,43,Qwen2.5-0.5B,0.172,0.39651904
250,43,Qwen2.5-1.5B,0.336,0.5680952
250,43,Qwen2.5-3B,0.524,0.73867613
250,43,Qwen2.5-7B,0.632,0.8064571
250,43,deepseek-v3,0.752,0.9025096
250,43,gemma-2-2b,0.452,0.7177095
250,43,gemma-2-9b,0.6,0.8028191
250,43,llama3.1-405b,0.684,0.8613715
250,43,llama3.3-70b,0.692,0.876043
250,43,mistral-large,0.712,0.88710016
250,43,qwen2.5-72b,0.676,0.8296478
250,44,Llama-3.1-8B,0.584,0.7985572
250,44,Llama-3.2-1B,0.316,0.5882525
250,44,Llama-3.2-3B,0.552,0.7579048
250,44,Qwen2.5-0.5B,0.168,0.41675723
250,44,Qwen2.5-1.5B,0.372,0.61147624
250,44,Qwen2.5-3B,0.544,0.73371905
250,44,Qwen2.5-7B,0.684,0.8401049
250,44,deepseek-v3,0.768,0.9078907
250,44,gemma-2-2b,0.512,0.75802374
250,44,gemma-2-9b,0.668,0.8362527
250,44,llama3.1-405b,0.688,0.8493573
250,44,llama3.3-70b,0.78,0.90904295
250,44,mistral-large,0.712,0.88465255
250,44,qwen2.5-72b,0.66,0.8103953
250,45,Llama-3.1-8B,0.58,0.8078429
250,45,Llama-3.2-1B,0.356,0.6029715
250,45,Llama-3.2-3B,0.54,0.76937133
250,45,Qwen2.5-0.5B,0.196,0.40420488
250,45,Qwen2.5-1.5B,0.372,0.60170954
250,45,Qwen2.5-3B,0.528,0.7468761
250,45,Qwen2.5-7B,0.624,0.82893807
250,45,deepseek-v3,0.772,0.92197615
250,45,gemma-2-2b,0.536,0.75625706
250,45,gemma-2-9b,0.648,0.8279904
250,45,llama3.1-405b,0.708,0.87545717
250,45,llama3.3-70b,0.748,0.8974095
250,45,mistral-large,0.768,0.9091809
250,45,qwen2.5-72b,0.684,0.8310714
250,46,Llama-3.1-8B,0.568,0.79326195
250,46,Llama-3.2-1B,0.312,0.56576204
250,46,Llama-3.2-3B,0.5,0.73285234
250,46,Qwen2.5-0.5B,0.196,0.40573335
250,46,Qwen2.5-1.5B,0.28,0.5286189
250,46,Qwen2.5-3B,0.504,0.71892387
250,46,Qwen2.5-7B,0.588,0.79247165
250,46,deepseek-v3,0.788,0.9199857
250,46,gemma-2-2b,0.464,0.70164293
250,46,gemma-2-9b,0.588,0.7917143
250,46,llama3.1-405b,0.7,0.8675477
250,46,llama3.3-70b,0.704,0.8799667
250,46,mistral-large,0.74,0.897081
250,46,qwen2.5-72b,0.596,0.7701286
250,47,Llama-3.1-8B,0.568,0.78287625
250,47,Llama-3.2-1B,0.328,0.58262855
250,47,Llama-3.2-3B,0.532,0.7547
250,47,Qwen2.5-0.5B,0.132,0.37159044
250,47,Qwen2.5-1.5B,0.296,0.56374276
250,47,Qwen2.5-3B,0.496,0.7199191
250,47,Qwen2.5-7B,0.624,0.8062571
250,47,deepseek-v3,0.764,0.9079715
250,47,gemma-2-2b,0.496,0.7433336
250,47,gemma-2-9b,0.592,0.782262
250,47,llama3.1-405b,0.7,0.8626381
250,47,llama3.3-70b,0.732,0.8836382
250,47,mistral-large,0.676,0.85230964
250,47,qwen2.5-72b,0.616,0.8000286
250,48,Llama-3.1-8B,0.568,0.7743286
250,48,Llama-3.2-1B,0.304,0.5335761
250,48,Llama-3.2-3B,0.488,0.71520495
250,48,Qwen2.5-0.5B,0.136,0.36229533
250,48,Qwen2.5-1.5B,0.276,0.54146665
250,48,Qwen2.5-3B,0.48,0.7330096
250,48,Qwen2.5-7B,0.592,0.79933816
250,48,deepseek-v3,0.76,0.9104335
250,48,gemma-2-2b,0.496,0.723
250,48,gemma-2-9b,0.632,0.7935526
250,48,llama3.1-405b,0.688,0.84502876
250,48,llama3.3-70b,0.68,0.859424
250,48,mistral-large,0.74,0.89829534
250,48,qwen2.5-72b,0.616,0.79882395
250,49,Llama-3.1-8B,0.628,0.8162619
250,49,Llama-3.2-1B,0.38,0.59254295
250,49,Llama-3.2-3B,0.56,0.7522333
250,49,Qwen2.5-0.5B,0.168,0.38911432
250,49,Qwen2.5-1.5B,0.344,0.58080477
250,49,Qwen2.5-3B,0.512,0.7099807
250,49,Qwen2.5-7B,0.616,0.8005572
250,49,deepseek-v3,0.756,0.905581
250,49,gemma-2-2b,0.512,0.7514047
250,49,gemma-2-9b,0.588,0.7660238
250,49,llama3.1-405b,0.728,0.86612874
250,49,llama3.3-70b,0.76,0.9005143
250,49,mistral-large,0.74,0.87986666
250,49,qwen2.5-72b,0.672,0.81340486
500,0,Llama-3.1-8B,0.578,0.802676
500,0,Llama-3.2-1B,0.318,0.57712394
500,0,Llama-3.2-3B,0.512,0.7506404
500,0,Qwen2.5-0.5B,0.152,0.37521422
500,0,Qwen2.5-1.5B,0.312,0.569869
500,0,Qwen2.5-3B,0.506,0.7279951
500,0,Qwen2.5-7B,0.592,0.80827856
500,0,deepseek-v3,0.766,0.9163165
500,0,gemma-2-2b,0.492,0.73173314
500,0,gemma-2-9b,0.592,0.8009118
500,0,llama3.1-405b,0.684,0.8613951
500,0,llama3.3-70b,0.7,0.8806212
500,0,mistral-large,0.722,0.88751185
500,0,qwen2.5-72b,0.63,0.81032145
500,1,Llama-3.1-8B,0.598,0.7990788
500,1,Llama-3.2-1B,0.342,0.600012
500,1,Llama-3.2-3B,0.542,0.768888
500,1,Qwen2.5-0.5B,0.148,0.39769042
500,1,Qwen2.5-1.5B,0.364,0.60573334
500,1,Qwen2.5-3B,0.51,0.73774993
500,1,Qwen2.5-7B,0.648,0.8330262
500,1,deepseek-v3,0.774,0.9161524
500,1,gemma-2-2b,0.524,0.74204755
500,1,gemma-2-9b,0.648,0.818457
500,1,llama3.1-405b,0.718,0.8711356
500,1,llama3.3-70b,0.766,0.9067333
500,1,mistral-large,0.73,0.8937453
500,1,qwen2.5-72b,0.65,0.80757374
500,2,Llama-3.1-8B,0.612,0.8081714
500,2,Llama-3.2-1B,0.344,0.5868143
500,2,Llama-3.2-3B,0.536,0.7718356
500,2,Qwen2.5-0.5B,0.182,0.41808566
500,2,Qwen2.5-1.5B,0.346,0.5802215
500,2,Qwen2.5-3B,0.524,0.7502855
500,2,Qwen2.5-7B,0.63,0.826464
500,2,deepseek-v3,0.772,0.91647613
500,2,gemma-2-2b,0.52,0.74765706
500,2,gemma-2-9b,0.622,0.81807125
500,2,llama3.1-405b,0.706,0.87078565
500,2,llama3.3-70b,0.722,0.88973564
500,2,mistral-large,0.732,0.8999856
500,2,qwen2.5-72b,0.648,0.82099265
500,3,Llama-3.1-8B,0.56,0.8006523
500,3,Llama-3.2-1B,0.324,0.57807606
500,3,Llama-3.2-3B,0.504,0.7483194
500,3,Qwen2.5-0.5B,0.184,0.42073804
500,3,Qwen2.5-1.5B,0.356,0.6214905
500,3,Qwen2.5-3B,0.5,0.7570784
500,3,Qwen2.5-7B,0.628,0.8303784
500,3,deepseek-v3,0.752,0.9157165
500,3,gemma-2-2b,0.534,0.765607
500,3,gemma-2-9b,0.616,0.8217072
500,3,llama3.1-405b,0.682,0.8660237
500,3,llama3.3-70b,0.694,0.8879264
500,3,mistral-large,0.712,0.89090264
500,3,qwen2.5-72b,0.638,0.8109429
500,4,Llama-3.1-8B,0.61,0.81769043
500,4,Llama-3.2-1B,0.316,0.5833761
500,4,Llama-3.2-3B,0.514,0.75771415
500,4,Qwen2.5-0.5B,0.168,0.41265455
500,4,Qwen2.5-1.5B,0.314,0.5871073
500,4,Qwen2.5-3B,0.524,0.74545217
500,4,Qwen2.5-7B,0.594,0.7985929
500,4,deepseek-v3,0.776,0.9156976
500,4,gemma-2-2b,0.554,0.7628857
500,4,gemma-2-9b,0.648,0.8250428
500,4,llama3.1-405b,0.696,0.8757428
500,4,llama3.3-70b,0.722,0.8893546
500,4,mistral-large,0.728,0.89507836
500,4,qwen2.5-72b,0.646,0.8081024
500,5,Llama-3.1-8B,0.58,0.79057133
500,5,Llama-3.2-1B,0.288,0.5530525
500,5,Llama-3.2-3B,0.49,0.7332881
500,5,Qwen2.5-0.5B,0.16,0.4114499
500,5,Qwen2.5-1.5B,0.342,0.5953811
500,5,Qwen2.5-3B,0.482,0.7171809
500,5,Qwen2.5-7B,0.588,0.80055
500,5,deepseek-v3,0.766,0.9116713
500,5,gemma-2-2b,0.5,0.73640966
500,5,gemma-2-9b,0.588,0.7771951
500,5,llama3.1-405b,0.674,0.8625879
500,5,llama3.3-70b,0.722,0.8919595
500,5,mistral-large,0.724,0.8897498
500,5,qwen2.5-72b,0.64,0.80932623
500,6,Llama-3.1-8B,0.594,0.8139926
500,6,Llama-3.2-1B,0.316,0.58072615
500,6,Llama-3.2-3B,0.536,0.7670856
500,6,Qwen2.5-0.5B,0.176,0.41807145
500,6,Qwen2.5-1.5B,0.336,0.58351654
500,6,Qwen2.5-3B,0.52,0.7350618
500,6,Qwen2.5-7B,0.608,0.80612385
500,6,deepseek-v3,0.776,0.91824764
500,6,gemma-2-2b,0.518,0.7394001
500,6,gemma-2-9b,0.616,0.81684744
500,6,llama3.1-405b,0.706,0.85952383
500,6,llama3.3-70b,0.748,0.89254296
500,6,mistral-large,0.72,0.8864524
500,6,qwen2.5-72b,0.64,0.8080786
500,7,Llama-3.1-8B,0.56,0.7833976
500,7,Llama-3.2-1B,0.298,0.5581952
500,7,Llama-3.2-3B,0.494,0.73816186
500,7,Qwen2.5-0.5B,0.138,0.3839953
500,7,Qwen2.5-1.5B,0.294,0.5544194
500,7,Qwen2.5-3B,0.47,0.71243817
500,7,Qwen2.5-7B,0.582,0.7932999
500,7,deepseek-v3,0.738,0.90329754
500,7,gemma-2-2b,0.472,0.7154167
500,7,gemma-2-9b,0.562,0.7926188
500,7,llama3.1-405b,0.662,0.8481595
500,7,llama3.3-70b,0.7,0.87407136
500,7,mistral-large,0.682,0.8695498
500,7,qwen2.5-72b,0.612,0.80093807
500,8,Llama-3.1-8B,0.582,0.79225963
500,8,Llama-3.2-1B,0.304,0.5585309
500,8,Llama-3.2-3B,0.488,0.72802615
500,8,Qwen2.5-0.5B,0.136,0.3702857
500,8,Qwen2.5-1.5B,0.306,0.5510667
500,8,Qwen2.5-3B,0.452,0.70018804
500,8,Qwen2.5-7B,0.564,0.80229753
500,8,deepseek-v3,0.76,0.9082855
500,8,gemma-2-2b,0.494,0.7315
500,8,gemma-2-9b,0.596,0.7851953
500,8,llama3.1-405b,0.694,0.8639856
500,8,llama3.3-70b,0.716,0.8835666
500,8,mistral-large,0.692,0.8734786
500,8,qwen2.5-72b,0.608,0.7855403
500,9,Llama-3.1-8B,0.59,0.797569
500,9,Llama-3.2-1B,0.292,0.56592846
500,9,Llama-3.2-3B,0.498,0.73725706
500,9,Qwen2.5-0.5B,0.164,0.4067261
500,9,Qwen2.5-1.5B,0.318,0.5612334
500,9,Qwen2.5-3B,0.486,0.72129744
500,9,Qwen2.5-7B,0.63,0.8241927
500,9,deepseek-v3,0.77,0.91316897
500,9,gemma-2-2b,0.526,0.745212
500,9,gemma-2-9b,0.6,0.77980953
500,9,llama3.1-405b,0.7,0.86094266
500,9,llama3.3-70b,0.744,0.8943214
500,9,mistral-large,0.712,0.88479286
500,9,qwen2.5-72b,0.652,0.8240522
500,10,Llama-3.1-8B,0.582,0.79146427
500,10,Llama-3.2-1B,0.304,0.55268574
500,10,Llama-3.2-3B,0.52,0.7553547
500,10,Qwen2.5-0.5B,0.134,0.37648806
500,10,Qwen2.5-1.5B,0.342,0.5761192
500,10,Qwen2.5-3B,0.514,0.73576176
500,10,Qwen2.5-7B,0.646,0.8288668
500,10,deepseek-v3,0.788,0.92085946
500,10,gemma-2-2b,0.518,0.7352763
500,10,gemma-2-9b,0.622,0.80094045
500,10,llama3.1-405b,0.708,0.86736184
500,10,llama3.3-70b,0.75,0.9093285
500,10,mistral-large,0.766,0.911269
500,10,qwen2.5-72b,0.656,0.8107476
500,11,Llama-3.1-8B,0.542,0.78652847
500,11,Llama-3.2-1B,0.29,0.5395238
500,11,Llama-3.2-3B,0.494,0.74695945
500,11,Qwen2.5-0.5B,0.156,0.39291656
500,11,Qwen2.5-1.5B,0.352,0.5867236
500,11,Qwen2.5-3B,0.502,0.7508548
500,11,Qwen2.5-7B,0.612,0.8263237
500,11,deepseek-v3,0.768,0.914095
500,11,gemma-2-2b,0.498,0.7489404
500,11,gemma-2-9b,0.562,0.7863666
500,11,llama3.1-405b,0.69,0.86176884
500,11,llama3.3-70b,0.688,0.8751046
500,11,mistral-large,0.714,0.8888926
500,11,qwen2.5-72b,0.646,0.813507
500,12,Llama-3.1-8B,0.566,0.79242843
500,12,Llama-3.2-1B,0.304,0.58454543
500,12,Llama-3.2-3B,0.506,0.7431142
500,12,Qwen2.5-0.5B,0.148,0.40754038
500,12,Qwen2.5-1.5B,0.322,0.59386665
500,12,Qwen2.5-3B,0.486,0.73499507
500,12,Qwen2.5-7B,0.63,0.83391684
500,12,deepseek-v3,0.776,0.9196546
500,12,gemma-2-2b,0.512,0.74581426
500,12,gemma-2-9b,0.612,0.8203882
500,12,llama3.1-405b,0.682,0.8645167
500,12,llama3.3-70b,0.732,0.8920879
500,12,mistral-large,0.734,0.892938
500,12,qwen2.5-72b,0.638,0.8123952
500,13,Llama-3.1-8B,0.6,0.81184036
500,13,Llama-3.2-1B,0.318,0.5670239
500,13,Llama-3.2-3B,0.508,0.73155713
500,13,Qwen2.5-0.5B,0.15,0.36902136
500,13,Qwen2.5-1.5B,0.336,0.5629857
500,13,Qwen2.5-3B,0.484,0.716726
500,13,Qwen2.5-7B,0.596,0.8036999
500,13,deepseek-v3,0.764,0.9141047
500,13,gemma-2-2b,0.53,0.75623083
500,13,gemma-2-9b,0.634,0.82059985
500,13,llama3.1-405b,0.708,0.86946887
500,13,llama3.3-70b,0.72,0.88931173
500,13,mistral-large,0.716,0.88999987
500,13,qwen2.5-72b,0.62,0.80477124
500,14,Llama-3.1-8B,0.592,0.81734294
500,14,Llama-3.2-1B,0.326,0.57406676
500,14,Llama-3.2-3B,0.52,0.751588
500,14,Qwen2.5-0.5B,0.166,0.41343096
500,14,Qwen2.5-1.5B,0.348,0.59278566
500,14,Qwen2.5-3B,0.48,0.7286191
500,14,Qwen2.5-7B,0.632,0.8293549
500,14,deepseek-v3,0.806,0.9302476
500,14,gemma-2-2b,0.534,0.7653523
500,14,gemma-2-9b,0.616,0.8172856
500,14,llama3.1-405b,0.68,0.8697403
500,14,llama3.3-70b,0.728,0.8988951
500,14,mistral-large,0.728,0.90031654
500,14,qwen2.5-72b,0.642,0.81647635
500,15,Llama-3.1-8B,0.548,0.79913557
500,15,Llama-3.2-1B,0.296,0.5408285
500,15,Llama-3.2-3B,0.496,0.75812376
500,15,Qwen2.5-0.5B,0.136,0.39330703
500,15,Qwen2.5-1.5B,0.322,0.57801896
500,15,Qwen2.5-3B,0.478,0.72831917
500,15,Qwen2.5-7B,0.626,0.82142866
500,15,deepseek-v3,0.76,0.91325706
500,15,gemma-2-2b,0.486,0.7302786
500,15,gemma-2-9b,0.58,0.79479045
500,15,llama3.1-405b,0.692,0.8637856
500,15,llama3.3-70b,0.706,0.887419
500,15,mistral-large,0.696,0.8877473
500,15,qwen2.5-72b,0.634,0.8183237
500,16,Llama-3.1-8B,0.626,0.81365
500,16,Llama-3.2-1B,0.35,0.59832853
500,16,Llama-3.2-3B,0.558,0.77020234
500,16,Qwen2.5-0.5B,0.174,0.4055428
500,16,Qwen2.5-1.5B,0.396,0.60052145
500,16,Qwen2.5-3B,0.534,0.7515262
500,16,Qwen2.5-7B,0.634,0.8196572
500,16,deepseek-v3,0.756,0.9051952
500,16,gemma-2-2b,0.516,0.7498046
500,16,gemma-2-9b,0.634,0.81486416
500,16,llama3.1-405b,0.71,0.86822844
500,16,llama3.3-70b,0.724,0.89296657
500,16,mistral-large,0.732,0.8949405
500,16,qwen2.5-72b,0.67,0.8173712
500,17,Llama-3.1-8B,0.528,0.7767477
500,17,Llama-3.2-1B,0.31,0.5714167
500,17,Llama-3.2-3B,0.464,0.7286453
500,17,Qwen2.5-0.5B,0.156,0.40602848
500,17,Qwen2.5-1.5B,0.326,0.56859773
500,17,Qwen2.5-3B,0.474,0.72245944
500,17,Qwen2.5-7B,0.624,0.819888
500,17,deepseek-v3,0.758,0.9109474
500,17,gemma-2-2b,0.486,0.7370098
500,17,gemma-2-9b,0.56,0.7844573
500,17,llama3.1-405b,0.672,0.8434833
500,17,llama3.3-70b,0.71,0.88606685
500,17,mistral-large,0.688,0.88220465
500,17,qwen2.5-72b,0.648,0.80949765
500,18,Llama-3.1-8B,0.56,0.7859975
500,18,Llama-3.2-1B,0.312,0.5797835
500,18,Llama-3.2-3B,0.512,0.7497213
500,18,Qwen2.5-0.5B,0.154,0.38365713
500,18,Qwen2.5-1.5B,0.31,0.5693618
500,18,Qwen2.5-3B,0.484,0.72983795
500,18,Qwen2.5-7B,0.626,0.8327047
500,18,deepseek-v3,0.752,0.9078093
500,18,gemma-2-2b,0.508,0.7483927
500,18,gemma-2-9b,0.6,0.8037401
500,18,llama3.1-405b,0.686,0.8609904
500,18,llama3.3-70b,0.718,0.8869976
500,18,mistral-large,0.736,0.89009047
500,18,qwen2.5-72b,0.64,0.81806433
500,19,Llama-3.1-8B,0.588,0.79766434
500,19,Llama-3.2-1B,0.35,0.60373807
500,19,Llama-3.2-3B,0.484,0.733057
500,19,Qwen2.5-0.5B,0.17,0.40270945
500,19,Qwen2.5-1.5B,0.328,0.56100696
500,19,Qwen2.5-3B,0.5,0.73173326
500,19,Qwen2.5-7B,0.606,0.8186263
500,19,deepseek-v3,0.756,0.9070523
500,19,gemma-2-2b,0.516,0.75005734
500,19,gemma-2-9b,0.59,0.79901683
500,19,llama3.1-405b,0.678,0.8563952
500,19,llama3.3-70b,0.726,0.8922737
500,19,mistral-large,0.698,0.8775429
500,19,qwen2.5-72b,0.636,0.8047285
500,20,Llama-3.1-8B,0.574,0.79258776
500,20,Llama-3.2-1B,0.336,0.5926692
500,20,Llama-3.2-3B,0.532,0.75564265
500,20,Qwen2.5-0.5B,0.152,0.40329507
500,20,Qwen2.5-1.5B,0.328,0.5912381
500,20,Qwen2.5-3B,0.512,0.75662637
500,20,Qwen2.5-7B,0.598,0.81686175
500,20,deepseek-v3,0.794,0.9272381
500,20,gemma-2-2b,0.528,0.7650951
500,20,gemma-2-9b,0.606,0.80576193
500,20,llama3.1-405b,0.682,0.8578117
500,20,llama3.3-70b,0.708,0.88680476
500,20,mistral-large,0.722,0.8962024
500,20,qwen2.5-72b,0.666,0.8416546
500,21,Llama-3.1-8B,0.568,0.7834688
500,21,Llama-3.2-1B,0.322,0.57860476
500,21,Llama-3.2-3B,0.524,0.7520973
500,21,Qwen2.5-0.5B,0.158,0.4005403
500,21,Qwen2.5-1.5B,0.314,0.5625238
500,21,Qwen2.5-3B,0.482,0.7167808
500,21,Qwen2.5-7B,0.604,0.8160427
500,21,deepseek-v3,0.774,0.9189712
500,21,gemma-2-2b,0.486,0.71472573
500,21,gemma-2-9b,0.588,0.79289484
500,21,llama3.1-405b,0.686,0.8668142
500,21,llama3.3-70b,0.738,0.89932114
500,21,mistral-large,0.726,0.8954951
500,21,qwen2.5-72b,0.67,0.8293545
500,22,Llama-3.1-8B,0.568,0.7962594
500,22,Llama-3.2-1B,0.33,0.5838597
500,22,Llama-3.2-3B,0.51,0.74516886
500,22,Qwen2.5-0.5B,0.156,0.40877855
500,22,Qwen2.5-1.5B,0.316,0.58650243
500,22,Qwen2.5-3B,0.474,0.73371655
500,22,Qwen2.5-7B,0.602,0.80888087
500,22,deepseek-v3,0.766,0.9169593
500,22,gemma-2-2b,0.5,0.7432404
500,22,gemma-2-9b,0.602,0.7955546
500,22,llama3.1-405b,0.698,0.8648737
500,22,llama3.3-70b,0.74,0.8932713
500,22,mistral-large,0.74,0.895926
500,22,qwen2.5-72b,0.628,0.8041047
500,23,Llama-3.1-8B,0.582,0.7983168
500,23,Llama-3.2-1B,0.31,0.54853326
500,23,Llama-3.2-3B,0.54,0.75934297
500,23,Qwen2.5-0.5B,0.136,0.3872974
500,23,Qwen2.5-1.5B,0.326,0.5828763
500,23,Qwen2.5-3B,0.566,0.7729143
500,23,Qwen2.5-7B,0.64,0.83080226
500,23,deepseek-v3,0.802,0.9279214
500,23,gemma-2-2b,0.532,0.7687832
500,23,gemma-2-9b,0.618,0.8291166
500,23,llama3.1-405b,0.728,0.88000464
500,23,llama3.3-70b,0.756,0.9016094
500,23,mistral-large,0.752,0.8999095
500,23,qwen2.5-72b,0.646,0.81179523
500,24,Llama-3.1-8B,0.57,0.79157597
500,24,Llama-3.2-1B,0.304,0.5599404
500,24,Llama-3.2-3B,0.504,0.75105226
500,24,Qwen2.5-0.5B,0.176,0.39273813
500,24,Qwen2.5-1.5B,0.304,0.5533811
500,24,Qwen2.5-3B,0.482,0.71758336
500,24,Qwen2.5-7B,0.598,0.8071497
500,24,deepseek-v3,0.736,0.90230477
500,24,gemma-2-2b,0.494,0.73305213
500,24,gemma-2-9b,0.58,0.79083794
500,24,llama3.1-405b,0.702,0.8713688
500,24,llama3.3-70b,0.72,0.89204526
500,24,mistral-large,0.678,0.8720093
500,24,qwen2.5-72b,0.62,0.80112606
500,25,Llama-3.1-8B,0.528,0.76339287
500,25,Llama-3.2-1B,0.294,0.54871434
500,25,Llama-3.2-3B,0.482,0.73327845
500,25,Qwen2.5-0.5B,0.182,0.4266094
500,25,Qwen2.5-1.5B,0.344,0.58371663
500,25,Qwen2.5-3B,0.49,0.7384523
500,25,Qwen2.5-7B,0.608,0.8172427
500,25,deepseek-v3,0.752,0.9089119
500,25,gemma-2-2b,0.482,0.72637856
500,25,gemma-2-9b,0.576,0.7786049
500,25,llama3.1-405b,0.642,0.8414927
500,25,llama3.3-70b,0.696,0.8801023
500,25,mistral-large,0.7,0.88019776
500,25,qwen2.5-72b,0.628,0.8141501
500,26,Llama-3.1-8B,0.556,0.7946427
500,26,Llama-3.2-1B,0.296,0.55823076
500,26,Llama-3.2-3B,0.514,0.75449485
500,26,Qwen2.5-0.5B,0.164,0.41877377
500,26,Qwen2.5-1.5B,0.34,0.5942261
500,26,Qwen2.5-3B,0.52,0.7489715
500,26,Qwen2.5-7B,0.616,0.8265736
500,26,deepseek-v3,0.762,0.9127212
500,26,gemma-2-2b,0.492,0.75678813
500,26,gemma-2-9b,0.592,0.8074425
500,26,llama3.1-405b,0.692,0.87255216
500,26,llama3.3-70b,0.704,0.8855307
500,26,mistral-large,0.688,0.87275934
500,26,qwen2.5-72b,0.634,0.8275047
500,27,Llama-3.1-8B,0.594,0.80001885
500,27,Llama-3.2-1B,0.302,0.5520284
500,27,Llama-3.2-3B,0.522,0.7554692
500,27,Qwen2.5-0.5B,0.142,0.3679761
500,27,Qwen2.5-1.5B,0.356,0.5947644
500,27,Qwen2.5-3B,0.474,0.7149117
500,27,Qwen2.5-7B,0.612,0.8087737
500,27,deepseek-v3,0.756,0.9100451
500,27,gemma-2-2b,0.482,0.7251734
500,27,gemma-2-9b,0.626,0.8099617
500,27,llama3.1-405b,0.7,0.86481416
500,27,llama3.3-70b,0.73,0.8852285
500,27,mistral-large,0.722,0.8841476
500,27,qwen2.5-72b,0.65,0.8137547
500,28,Llama-3.1-8B,0.594,0.8017071
500,28,Llama-3.2-1B,0.34,0.57869285
500,28,Llama-3.2-3B,0.534,0.7591071
500,28,Qwen2.5-0.5B,0.162,0.3802952
500,28,Qwen2.5-1.5B,0.354,0.59015715
500,28,Qwen2.5-3B,0.528,0.7341382
500,28,Qwen2.5-7B,0.63,0.8198808
500,28,deepseek-v3,0.792,0.9280998
500,28,gemma-2-2b,0.53,0.7557404
500,28,gemma-2-9b,0.618,0.80448097
500,28,llama3.1-405b,0.714,0.86010957
500,28,llama3.3-70b,0.742,0.9029737
500,28,mistral-large,0.742,0.8987928
500,28,qwen2.5-72b,0.648,0.7985644
500,29,Llama-3.1-8B,0.564,0.7916666
500,29,Llama-3.2-1B,0.334,0.56711185
500,29,Llama-3.2-3B,0.53,0.7493786
500,29,Qwen2.5-0.5B,0.158,0.38061175
500,29,Qwen2.5-1.5B,0.334,0.5818691
500,29,Qwen2.5-3B,0.502,0.733224
500,29,Qwen2.5-7B,0.61,0.8119953
500,29,deepseek-v3,0.754,0.90734285
500,29,gemma-2-2b,0.512,0.7294763
500,29,gemma-2-9b,0.608,0.80070245
500,29,llama3.1-405b,0.7,0.8636618
500,29,llama3.3-70b,0.724,0.88529277
500,29,mistral-large,0.714,0.88484275
500,29,qwen2.5-72b,0.622,0.79789037
500,30,Llama-3.1-8B,0.562,0.7981258
500,30,Llama-3.2-1B,0.302,0.572069
500,30,Llama-3.2-3B,0.496,0.74596906
500,30,Qwen2.5-0.5B,0.172,0.40684995
500,30,Qwen2.5-1.5B,0.306,0.5710192
500,30,Qwen2.5-3B,0.48,0.715557
500,30,Qwen2.5-7B,0.624,0.8332784
500,30,deepseek-v3,0.756,0.91257626
500,30,gemma-2-2b,0.486,0.7395976
500,30,gemma-2-9b,0.604,0.8020452
500,30,llama3.1-405b,0.716,0.88134277
500,30,llama3.3-70b,0.714,0.89414275
500,30,mistral-large,0.736,0.89764035
500,30,qwen2.5-72b,0.642,0.8204976
500,31,Llama-3.1-8B,0.528,0.77091885
500,31,Llama-3.2-1B,0.304,0.5702023
500,31,Llama-3.2-3B,0.488,0.7537904
500,31,Qwen2.5-0.5B,0.14,0.3815284
500,31,Qwen2.5-1.5B,0.29,0.55843574
500,31,Qwen2.5-3B,0.47,0.7132237
500,31,Qwen2.5-7B,0.588,0.8108093
500,31,deepseek-v3,0.734,0.9044691
500,31,gemma-2-2b,0.464,0.7239119
500,31,gemma-2-9b,0.562,0.7845235
500,31,llama3.1-405b,0.626,0.8393854
500,31,llama3.3-70b,0.66,0.8762688
500,31,mistral-large,0.67,0.8781403
500,31,qwen2.5-72b,0.582,0.78228563
500,32,Llama-3.1-8B,0.594,0.7936879
500,32,Llama-3.2-1B,0.302,0.560519
500,32,Llama-3.2-3B,0.51,0.7463311
500,32,Qwen2.5-0.5B,0.166,0.38835454
500,32,Qwen2.5-1.5B,0.326,0.57880956
500,32,Qwen2.5-3B,0.482,0.71070707
500,32,Qwen2.5-7B,0.62,0.8067118
500,32,deepseek-v3,0.758,0.9093286
500,32,gemma-2-2b,0.52,0.7274808
500,32,gemma-2-9b,0.61,0.7980999
500,32,llama3.1-405b,0.674,0.8501997
500,32,llama3.3-70b,0.746,0.8943188
500,32,mistral-large,0.716,0.8822381
500,32,qwen2.5-72b,0.616,0.7965666
500,33,Llama-3.1-8B,0.562,0.788
500,33,Llama-3.2-1B,0.32,0.5792262
500,33,Llama-3.2-3B,0.528,0.7551049
500,33,Qwen2.5-0.5B,0.154,0.39652622
500,33,Qwen2.5-1.5B,0.338,0.58595234
500,33,Qwen2.5-3B,0.496,0.7351572
500,33,Qwen2.5-7B,0.632,0.8189001
500,33,deepseek-v3,0.774,0.9196714
500,33,gemma-2-2b,0.524,0.7507645
500,33,gemma-2-9b,0.612,0.8029382
500,33,llama3.1-405b,0.726,0.8684168
500,33,llama3.3-70b,0.734,0.8856406
500,33,mistral-large,0.738,0.89245015
500,33,qwen2.5-72b,0.656,0.8207119
500,34,Llama-3.1-8B,0.594,0.80081433
500,34,Llama-3.2-1B,0.282,0.5623311
500,34,Llama-3.2-3B,0.514,0.7577
500,34,Qwen2.5-0.5B,0.138,0.36899987
500,34,Qwen2.5-1.5B,0.332,0.58691174
500,34,Qwen2.5-3B,0.478,0.7185907
500,34,Qwen2.5-7B,0.608,0.81669766
500,34,deepseek-v3,0.754,0.9089618
500,34,gemma-2-2b,0.488,0.7383454
500,34,gemma-2-9b,0.596,0.79799277
500,34,llama3.1-405b,0.684,0.86668813
500,34,llama3.3-70b,0.716,0.8882023
500,34,mistral-large,0.706,0.8784643
500,34,qwen2.5-72b,0.636,0.8168142
500,35,Llama-3.1-8B,0.634,0.8238476
500,35,Llama-3.2-1B,0.306,0.56195945
500,35,Llama-3.2-3B,0.506,0.7485642
500,35,Qwen2.5-0.5B,0.168,0.39992848
500,35,Qwen2.5-1.5B,0.336,0.5786571
500,35,Qwen2.5-3B,0.534,0.7420502
500,35,Qwen2.5-7B,0.608,0.8213718
500,35,deepseek-v3,0.776,0.92192847
500,35,gemma-2-2b,0.532,0.76198566
500,35,gemma-2-9b,0.618,0.8140431
500,35,llama3.1-405b,0.712,0.87863815
500,35,llama3.3-70b,0.728,0.8931024
500,35,mistral-large,0.708,0.8817356
500,35,qwen2.5-72b,0.66,0.8294002
500,36,Llama-3.1-8B,0.592,0.8069166
500,36,Llama-3.2-1B,0.296,0.5573191
500,36,Llama-3.2-3B,0.53,0.76960695
500,36,Qwen2.5-0.5B,0.134,0.3580976
500,36,Qwen2.5-1.5B,0.312,0.55746204
500,36,Qwen2.5-3B,0.48,0.7230357
500,36,Qwen2.5-7B,0.622,0.8206238
500,36,deepseek-v3,0.786,0.92483306
500,36,gemma-2-2b,0.52,0.74429286
500,36,gemma-2-9b,0.612,0.80535483
500,36,llama3.1-405b,0.714,0.88077605
500,36,llama3.3-70b,0.712,0.88941896
500,36,mistral-large,0.726,0.8958212
500,36,qwen2.5-72b,0.658,0.8250953
500,37,Llama-3.1-8B,0.566,0.8041735
500,37,Llama-3.2-1B,0.314,0.5834261
500,37,Llama-3.2-3B,0.51,0.74863315
500,37,Qwen2.5-0.5B,0.168,0.3996023
500,37,Qwen2.5-1.5B,0.338,0.6156786
500,37,Qwen2.5-3B,0.534,0.7758165
500,37,Qwen2.5-7B,0.66,0.8585901
500,37,deepseek-v3,0.776,0.9316167
500,37,gemma-2-2b,0.496,0.7590332
500,37,gemma-2-9b,0.604,0.810157
500,37,llama3.1-405b,0.696,0.8754736
500,37,llama3.3-70b,0.726,0.90464765
500,37,mistral-large,0.736,0.9058903
500,37,qwen2.5-72b,0.652,0.8255999
500,38,Llama-3.1-8B,0.57,0.7969333
500,38,Llama-3.2-1B,0.316,0.5683644
500,38,Llama-3.2-3B,0.512,0.74594057
500,38,Qwen2.5-0.5B,0.16,0.37533325
500,38,Qwen2.5-1.5B,0.346,0.5760832
500,38,Qwen2.5-3B,0.498,0.7348785
500,38,Qwen2.5-7B,0.62,0.8206523
500,38,deepseek-v3,0.77,0.910888
500,38,gemma-2-2b,0.534,0.75661886
500,38,gemma-2-9b,0.606,0.79750717
500,38,llama3.1-405b,0.722,0.88450223
500,38,llama3.3-70b,0.73,0.89538306
500,38,mistral-large,0.726,0.89427125
500,38,qwen2.5-72b,0.646,0.8088713
500,39,Llama-3.1-8B,0.576,0.7953379
500,39,Llama-3.2-1B,0.33,0.59856886
500,39,Llama-3.2-3B,0.536,0.7725902
500,39,Qwen2.5-0.5B,0.18,0.41681427
500,39,Qwen2.5-1.5B,0.364,0.6105618
500,39,Qwen2.5-3B,0.518,0.7506047
500,39,Qwen2.5-7B,0.66,0.8436022
500,39,deepseek-v3,0.798,0.9237308
500,39,gemma-2-2b,0.518,0.74769264
500,39,gemma-2-9b,0.648,0.82625467
500,39,llama3.1-405b,0.712,0.87376887
500,39,llama3.3-70b,0.732,0.8941856
500,39,mistral-large,0.718,0.88724977
500,39,qwen2.5-72b,0.676,0.8345
500,40,Llama-3.1-8B,0.562,0.78386205
500,40,Llama-3.2-1B,0.316,0.5631835
500,40,Llama-3.2-3B,0.52,0.7564335
500,40,Qwen2.5-0.5B,0.17,0.39597362
500,40,Qwen2.5-1.5B,0.326,0.5853261
500,40,Qwen2.5-3B,0.486,0.72481424
500,40,Qwen2.5-7B,0.652,0.8345096
500,40,deepseek-v3,0.76,0.9133071
500,40,gemma-2-2b,0.516,0.7528692
500,40,gemma-2-9b,0.61,0.8075786
500,40,llama3.1-405b,0.684,0.8616143
500,40,llama3.3-70b,0.75,0.9003689
500,40,mistral-large,0.72,0.89611197
500,40,qwen2.5-72b,0.648,0.80460715
500,41,Llama-3.1-8B,0.56,0.7800165
500,41,Llama-3.2-1B,0.3,0.558962
500,41,Llama-3.2-3B,0.508,0.74105704
500,41,Qwen2.5-0.5B,0.154,0.37464052
500,41,Qwen2.5-1.5B,0.314,0.5661976
500,41,Qwen2.5-3B,0.482,0.71739525
500,41,Qwen2.5-7B,0.59,0.7958428
500,41,deepseek-v3,0.74,0.9065548
500,41,gemma-2-2b,0.49,0.724957
500,41,gemma-2-9b,0.59,0.7879949
500,41,llama3.1-405b,0.706,0.8733427
500,41,llama3.3-70b,0.728,0.89470464
500,41,mistral-large,0.718,0.89005
500,41,qwen2.5-72b,0.616,0.77772146
500,42,Llama-3.1-8B,0.54,0.7856285
500,42,Llama-3.2-1B,0.308,0.5833167
500,42,Llama-3.2-3B,0.494,0.74188554
500,42,Qwen2.5-0.5B,0.166,0.39947143
500,42,Qwen2.5-1.5B,0.346,0.60390234
500,42,Qwen2.5-3B,0.504,0.7395692
500,42,Qwen2.5-7B,0.636,0.83291173
500,42,deepseek-v3,0.778,0.9249188
500,42,gemma-2-2b,0.494,0.7400262
500,42,gemma-2-9b,0.572,0.78835714
500,42,llama3.1-405b,0.708,0.8658166
500,42,llama3.3-70b,0.722,0.89770937
500,42,mistral-large,0.726,0.8904475
500,42,qwen2.5-72b,0.666,0.8279095
500,43,Llama-3.1-8B,0.586,0.80726665
500,43,Llama-3.2-1B,0.346,0.600107
500,43,Llama-3.2-3B,0.542,0.76748806
500,43,Qwen2.5-0.5B,0.168,0.41510713
500,43,Qwen2.5-1.5B,0.344,0.57765234
500,43,Qwen2.5-3B,0.518,0.7361263
500,43,Qwen2.5-7B,0.632,0.82916886
500,43,deepseek-v3,0.746,0.90829265
500,43,gemma-2-2b,0.528,0.75723803
500,43,gemma-2-9b,0.596,0.80803335
500,43,llama3.1-405b,0.684,0.86584496
500,43,llama3.3-70b,0.728,0.8926927
500,43,mistral-large,0.718,0.89460224
500,43,qwen2.5-72b,0.638,0.80977607
500,44,Llama-3.1-8B,0.552,0.78062373
500,44,Llama-3.2-1B,0.312,0.5626786
500,44,Llama-3.2-3B,0.464,0.7081383
500,44,Qwen2.5-0.5B,0.164,0.40575695
500,44,Qwen2.5-1.5B,0.322,0.58533317
500,44,Qwen2.5-3B,0.46,0.71584284
500,44,Qwen2.5-7B,0.612,0.81417394
500,44,deepseek-v3,0.772,0.919676
500,44,gemma-2-2b,0.466,0.7244047
500,44,gemma-2-9b,0.568,0.77700007
500,44,llama3.1-405b,0.66,0.8402668
500,44,llama3.3-70b,0.706,0.88160485
500,44,mistral-large,0.698,0.87810725
500,44,qwen2.5-72b,0.642,0.8158689
500,45,Llama-3.1-8B,0.594,0.8029237
500,45,Llama-3.2-1B,0.31,0.56457627
500,45,Llama-3.2-3B,0.53,0.7586761
500,45,Qwen2.5-0.5B,0.162,0.41837353
500,45,Qwen2.5-1.5B,0.33,0.59954995
500,45,Qwen2.5-3B,0.518,0.7549262
500,45,Qwen2.5-7B,0.62,0.8270144
500,45,deepseek-v3,0.796,0.9255857
500,45,gemma-2-2b,0.528,0.775657
500,45,gemma-2-9b,0.612,0.81427616
500,45,llama3.1-405b,0.748,0.8867737
500,45,llama3.3-70b,0.746,0.89831656
500,45,mistral-large,0.744,0.9000712
500,45,qwen2.5-72b,0.652,0.82227373
500,46,Llama-3.1-8B,0.61,0.8165332
500,46,Llama-3.2-1B,0.368,0.6152383
500,46,Llama-3.2-3B,0.532,0.7565429
500,46,Qwen2.5-0.5B,0.17,0.41666436
500,46,Qwen2.5-1.5B,0.35,0.59175956
500,46,Qwen2.5-3B,0.508,0.74024254
500,46,Qwen2.5-7B,0.642,0.8315618
500,46,deepseek-v3,0.776,0.91494524
500,46,gemma-2-2b,0.556,0.76761675
500,46,gemma-2-9b,0.608,0.807707
500,46,llama3.1-405b,0.712,0.87038076
500,46,llama3.3-70b,0.732,0.8901951
500,46,mistral-large,0.724,0.89244026
500,46,qwen2.5-72b,0.648,0.82109255
500,47,Llama-3.1-8B,0.594,0.8024925
500,47,Llama-3.2-1B,0.318,0.57038075
500,47,Llama-3.2-3B,0.534,0.7727475
500,47,Qwen2.5-0.5B,0.178,0.41110715
500,47,Qwen2.5-1.5B,0.344,0.5885309
500,47,Qwen2.5-3B,0.52,0.7543666
500,47,Qwen2.5-7B,0.636,0.8302713
500,47,deepseek-v3,0.78,0.92599756
500,47,gemma-2-2b,0.54,0.7624191
500,47,gemma-2-9b,0.64,0.8230928
500,47,llama3.1-405b,0.71,0.87939996
500,47,llama3.3-70b,0.726,0.8940713
500,47,mistral-large,0.714,0.8900237
500,47,qwen2.5-72b,0.672,0.8328546
500,48,Llama-3.1-8B,0.584,0.7908998
500,48,Llama-3.2-1B,0.33,0.5720404
500,48,Llama-3.2-3B,0.514,0.7540192
500,48,Qwen2.5-0.5B,0.15,0.37754765
500,48,Qwen2.5-1.5B,0.314,0.56496197
500,48,Qwen2.5-3B,0.492,0.72720706
500,48,Qwen2.5-7B,0.59,0.8086238
500,48,deepseek-v3,0.772,0.92808825
500,48,gemma-2-2b,0.514,0.75147617
500,48,gemma-2-9b,0.608,0.8098308
500,48,llama3.1-405b,0.712,0.8632881
500,48,llama3.3-70b,0.742,0.8939762
500,48,mistral-large,0.732,0.9032452
500,48,qwen2.5-72b,0.658,0.82318103
500,49,Llama-3.1-8B,0.576,0.7915451
500,49,Llama-3.2-1B,0.3,0.5638358
500,49,Llama-3.2-3B,0.51,0.74662364
500,49,Qwen2.5-0.5B,0.172,0.4107572
500,49,Qwen2.5-1.5B,0.366,0.609893
500,49,Qwen2.5-3B,0.516,0.72976196
500,49,Qwen2.5-7B,0.648,0.8237667
500,49,deepseek-v3,0.766,0.9144522
500,49,gemma-2-2b,0.5,0.7372903
500,49,gemma-2-9b,0.604,0.8042762
500,49,llama3.1-405b,0.686,0.8559214
500,49,llama3.3-70b,0.688,0.87664056
500,49,mistral-large,0.712,0.891212
500,49,qwen2.5-72b,0.644,0.8101785
1000,0,Llama-3.1-8B,0.601,0.7994009
1000,0,Llama-3.2-1B,0.314,0.5614968
1000,0,Llama-3.2-3B,0.525,0.75957507
1000,0,Qwen2.5-0.5B,0.153,0.39598462
1000,0,Qwen2.5-1.5B,0.332,0.5852809
1000,0,Qwen2.5-3B,0.498,0.7383342
1000,0,Qwen2.5-7B,0.62,0.8250451
1000,0,deepseek-v3,0.777,0.9203307
1000,0,gemma-2-2b,0.519,0.7541104
1000,0,gemma-2-9b,0.606,0.7996726
1000,0,llama3.1-405b,0.697,0.86700004
1000,0,llama3.3-70b,0.717,0.8864404
1000,0,mistral-large,0.725,0.8947439
1000,0,qwen2.5-72b,0.647,0.817781
1000,1,Llama-3.1-8B,0.569,0.794976
1000,1,Llama-3.2-1B,0.31,0.5799665
1000,1,Llama-3.2-3B,0.499,0.7532415
1000,1,Qwen2.5-0.5B,0.147,0.3809656
1000,1,Qwen2.5-1.5B,0.315,0.5681891
1000,1,Qwen2.5-3B,0.482,0.7289701
1000,1,Qwen2.5-7B,0.605,0.8123392
1000,1,deepseek-v3,0.77,0.92109853
1000,1,gemma-2-2b,0.496,0.73156047
1000,1,gemma-2-9b,0.591,0.7952132
1000,1,llama3.1-405b,0.707,0.8691986
1000,1,llama3.3-70b,0.739,0.8961236
1000,1,mistral-large,0.735,0.8950688
1000,1,qwen2.5-72b,0.657,0.80710006
1000,2,Llama-3.1-8B,0.588,0.7945122
1000,2,Llama-3.2-1B,0.333,0.5788989
1000,2,Llama-3.2-3B,0.523,0.75542265
1000,2,Qwen2.5-0.5B,0.177,0.39897633
1000,2,Qwen2.5-1.5B,0.325,0.580943
1000,2,Qwen2.5-3B,0.491,0.72913694
1000,2,Qwen2.5-7B,0.619,0.8188417
1000,2,deepseek-v3,0.754,0.91264284
1000,2,gemma-2-2b,0.521,0.7372252
1000,2,gemma-2-9b,0.599,0.80216765
1000,2,llama3.1-405b,0.69,0.8667035
1000,2,llama3.3-70b,0.705,0.887956
1000,2,mistral-large,0.714,0.88803214
1000,2,qwen2.5-72b,0.637,0.8100177
1000,3,Llama-3.1-8B,0.579,0.79638565
1000,3,Llama-3.2-1B,0.322,0.57505953
1000,3,Llama-3.2-3B,0.51,0.75635326
1000,3,Qwen2.5-0.5B,0.164,0.38786077
1000,3,Qwen2.5-1.5B,0.312,0.56556314
1000,3,Qwen2.5-3B,0.497,0.73293227
1000,3,Qwen2.5-7B,0.622,0.81787497
1000,3,deepseek-v3,0.77,0.9186523
1000,3,gemma-2-2b,0.507,0.74625576
1000,3,gemma-2-9b,0.62,0.814176
1000,3,llama3.1-405b,0.703,0.86873204
1000,3,llama3.3-70b,0.715,0.89062357
1000,3,mistral-large,0.712,0.8812582
1000,3,qwen2.5-72b,0.641,0.8155571
1000,4,Llama-3.1-8B,0.589,0.8011985
1000,4,Llama-3.2-1B,0.322,0.57287973
1000,4,Llama-3.2-3B,0.505,0.7527177
1000,4,Qwen2.5-0.5B,0.17,0.3895559
1000,4,Qwen2.5-1.5B,0.303,0.5626903
1000,4,Qwen2.5-3B,0.494,0.72817194
1000,4,Qwen2.5-7B,0.624,0.81993175
1000,4,deepseek-v3,0.771,0.9194712
1000,4,gemma-2-2b,0.523,0.7454281
1000,4,gemma-2-9b,0.622,0.80775446
1000,4,llama3.1-405b,0.705,0.86828095
1000,4,llama3.3-70b,0.721,0.89263916
1000,4,mistral-large,0.729,0.89064866
1000,4,qwen2.5-72b,0.637,0.8187174
1000,5,Llama-3.1-8B,0.598,0.8075784
1000,5,Llama-3.2-1B,0.308,0.57467365
1000,5,Llama-3.2-3B,0.512,0.75662243
1000,5,Qwen2.5-0.5B,0.167,0.39925823
1000,5,Qwen2.5-1.5B,0.331,0.5785975
1000,5,Qwen2.5-3B,0.49,0.7422104
1000,5,Qwen2.5-7B,0.627,0.8338284
1000,5,deepseek-v3,0.769,0.92129016
1000,5,gemma-2-2b,0.504,0.7532437
1000,5,gemma-2-9b,0.61,0.8183024
1000,5,llama3.1-405b,0.698,0.87480587
1000,5,llama3.3-70b,0.722,0.89726883
1000,5,mistral-large,0.713,0.88995457
1000,5,qwen2.5-72b,0.642,0.8207261
1000,6,Llama-3.1-8B,0.578,0.79622155
1000,6,Llama-3.2-1B,0.317,0.5690379
1000,6,Llama-3.2-3B,0.505,0.7540152
1000,6,Qwen2.5-0.5B,0.155,0.39277637
1000,6,Qwen2.5-1.5B,0.339,0.57832515
1000,6,Qwen2.5-3B,0.49,0.7254537
1000,6,Qwen2.5-7B,0.627,0.81172377
1000,6,deepseek-v3,0.782,0.92394614
1000,6,gemma-2-2b,0.508,0.7406524
1000,6,gemma-2-9b,0.619,0.80427265
1000,6,llama3.1-405b,0.697,0.86635315
1000,6,llama3.3-70b,0.72,0.88807243
1000,6,mistral-large,0.706,0.87758905
1000,6,qwen2.5-72b,0.625,0.801664
1000,7,Llama-3.1-8B,0.592,0.7989676
1000,7,Llama-3.2-1B,0.325,0.57534635
1000,7,Llama-3.2-3B,0.512,0.74614763
1000,7,Qwen2.5-0.5B,0.163,0.3934037
1000,7,Qwen2.5-1.5B,0.322,0.5726192
1000,7,Qwen2.5-3B,0.498,0.7366227
1000,7,Qwen2.5-7B,0.603,0.8086903
1000,7,deepseek-v3,0.755,0.9050631
1000,7,gemma-2-2b,0.502,0.7299702
1000,7,gemma-2-9b,0.598,0.7889477
1000,7,llama3.1-405b,0.695,0.86119753
1000,7,llama3.3-70b,0.728,0.8853083
1000,7,mistral-large,0.719,0.88427866
1000,7,qwen2.5-72b,0.634,0.80614036
1000,8,Llama-3.1-8B,0.581,0.7997832
1000,8,Llama-3.2-1B,0.312,0.5608534
1000,8,Llama-3.2-3B,0.526,0.7557153
1000,8,Qwen2.5-0.5B,0.154,0.38873342
1000,8,Qwen2.5-1.5B,0.327,0.58149886
1000,8,Qwen2.5-3B,0.502,0.74675125
1000,8,Qwen2.5-7B,0.626,0.8237986
1000,8,deepseek-v3,0.758,0.9102177
1000,8,gemma-2-2b,0.501,0.7449712
1000,8,gemma-2-9b,0.61,0.8045085
1000,8,llama3.1-405b,0.695,0.86379033
1000,8,llama3.3-70b,0.715,0.8883286
1000,8,mistral-large,0.708,0.8842035
1000,8,qwen2.5-72b,0.636,0.81336296
1000,9,Llama-3.1-8B,0.582,0.8007656
1000,9,Llama-3.2-1B,0.312,0.5625618
1000,9,Llama-3.2-3B,0.503,0.74836916
1000,9,Qwen2.5-0.5B,0.138,0.36984065
1000,9,Qwen2.5-1.5B,0.328,0.5803788
1000,9,Qwen2.5-3B,0.499,0.7327215
1000,9,Qwen2.5-7B,0.616,0.8102999
1000,9,deepseek-v3,0.771,0.91429764
1000,9,gemma-2-2b,0.519,0.744712
1000,9,gemma-2-9b,0.596,0.79697496
1000,9,llama3.1-405b,0.684,0.86174065
1000,9,llama3.3-70b,0.728,0.890762
1000,9,mistral-large,0.725,0.8920715
1000,9,qwen2.5-72b,0.652,0.8205499
1000,10,Llama-3.1-8B,0.598,0.80108696
1000,10,Llama-3.2-1B,0.287,0.55414873
1000,10,Llama-3.2-3B,0.528,0.73944384
1000,10,Qwen2.5-0.5B,0.167,0.39330742
1000,10,Qwen2.5-1.5B,0.352,0.59302384
1000,10,Qwen2.5-3B,0.498,0.7305143
1000,10,Qwen2.5-7B,0.636,0.81853455
1000,10,deepseek-v3,0.774,0.9174523
1000,10,gemma-2-2b,0.516,0.74046654
1000,10,gemma-2-9b,0.621,0.80674255
1000,10,llama3.1-405b,0.71,0.86616635
1000,10,llama3.3-70b,0.719,0.8828379
1000,10,mistral-large,0.713,0.88565826
1000,10,qwen2.5-72b,0.657,0.81377
1000,11,Llama-3.1-8B,0.572,0.7934556
1000,11,Llama-3.2-1B,0.339,0.5905704
1000,11,Llama-3.2-3B,0.514,0.75022036
1000,11,Qwen2.5-0.5B,0.155,0.39705357
1000,11,Qwen2.5-1.5B,0.334,0.58137745
1000,11,Qwen2.5-3B,0.499,0.73087275
1000,11,Qwen2.5-7B,0.631,0.8208129
1000,11,deepseek-v3,0.772,0.9157736
1000,11,gemma-2-2b,0.512,0.7455356
1000,11,gemma-2-9b,0.621,0.8075108
1000,11,llama3.1-405b,0.691,0.86027473
1000,11,llama3.3-70b,0.713,0.88841546
1000,11,mistral-large,0.71,0.8808142
1000,11,qwen2.5-72b,0.636,0.80502135
1000,12,Llama-3.1-8B,0.561,0.7991286
1000,12,Llama-3.2-1B,0.325,0.58068
1000,12,Llama-3.2-3B,0.518,0.7552117
1000,12,Qwen2.5-0.5B,0.173,0.41034892
1000,12,Qwen2.5-1.5B,0.325,0.5757322
1000,12,Qwen2.5-3B,0.512,0.7463012
1000,12,Qwen2.5-7B,0.596,0.8144038
1000,12,deepseek-v3,0.778,0.91934615
1000,12,gemma-2-2b,0.52,0.7539167
1000,12,gemma-2-9b,0.594,0.805031
1000,12,llama3.1-405b,0.695,0.8686722
1000,12,llama3.3-70b,0.716,0.88834375
1000,12,mistral-large,0.722,0.8886654
1000,12,qwen2.5-72b,0.64,0.8128688
1000,13,Llama-3.1-8B,0.58,0.793538
1000,13,Llama-3.2-1B,0.312,0.5634619
1000,13,Llama-3.2-3B,0.507,0.74827963
1000,13,Qwen2.5-0.5B,0.15,0.3779402
1000,13,Qwen2.5-1.5B,0.333,0.56835234
1000,13,Qwen2.5-3B,0.47,0.7162167
1000,13,Qwen2.5-7B,0.615,0.81219494
1000,13,deepseek-v3,0.78,0.92050344
1000,13,gemma-2-2b,0.51,0.73993784
1000,13,gemma-2-9b,0.602,0.7887273
1000,13,llama3.1-405b,0.718,0.8725738
1000,13,llama3.3-70b,0.748,0.89659745
1000,13,mistral-large,0.727,0.8855631
1000,13,qwen2.5-72b,0.652,0.8093819
1000,14,Llama-3.1-8B,0.604,0.8077188
1000,14,Llama-3.2-1B,0.322,0.5669309
1000,14,Llama-3.2-3B,0.512,0.7483381
1000,14,Qwen2.5-0.5B,0.173,0.4015941
1000,14,Qwen2.5-1.5B,0.359,0.58884525
1000,14,Qwen2.5-3B,0.516,0.7385025
1000,14,Qwen2.5-7B,0.62,0.8186525
1000,14,deepseek-v3,0.771,0.9155121
1000,14,gemma-2-2b,0.503,0.73775977
1000,14,gemma-2-9b,0.607,0.79678124
1000,14,llama3.1-405b,0.674,0.8506379
1000,14,llama3.3-70b,0.713,0.88832504
1000,14,mistral-large,0.712,0.8885463
1000,14,qwen2.5-72b,0.654,0.8203156
1000,15,Llama-3.1-8B,0.587,0.79533905
1000,15,Llama-3.2-1B,0.295,0.5642569
1000,15,Llama-3.2-3B,0.509,0.74991417
1000,15,Qwen2.5-0.5B,0.157,0.38385957
1000,15,Qwen2.5-1.5B,0.329,0.57918936
1000,15,Qwen2.5-3B,0.486,0.7214402
1000,15,Qwen2.5-7B,0.614,0.81566775
1000,15,deepseek-v3,0.766,0.91644615
1000,15,gemma-2-2b,0.513,0.7502664
1000,15,gemma-2-9b,0.605,0.80569524
1000,15,llama3.1-405b,0.695,0.8626354
1000,15,llama3.3-70b,0.721,0.8886189
1000,15,mistral-large,0.709,0.88524383
1000,15,qwen2.5-72b,0.637,0.8063736
1000,16,Llama-3.1-8B,0.577,0.7934331
1000,16,Llama-3.2-1B,0.32,0.5781846
1000,16,Llama-3.2-3B,0.479,0.737993
1000,16,Qwen2.5-0.5B,0.168,0.40515983
1000,16,Qwen2.5-1.5B,0.323,0.5762511
1000,16,Qwen2.5-3B,0.498,0.73143095
1000,16,Qwen2.5-7B,0.59,0.8067175
1000,16,deepseek-v3,0.745,0.9059129
1000,16,gemma-2-2b,0.493,0.7435592
1000,16,gemma-2-9b,0.585,0.7946914
1000,16,llama3.1-405b,0.668,0.8538796
1000,16,llama3.3-70b,0.717,0.88494486
1000,16,mistral-large,0.685,0.8770735
1000,16,qwen2.5-72b,0.621,0.80535364
1000,17,Llama-3.1-8B,0.585,0.7950131
1000,17,Llama-3.2-1B,0.301,0.5516855
1000,17,Llama-3.2-3B,0.518,0.7494914
1000,17,Qwen2.5-0.5B,0.158,0.39021558
1000,17,Qwen2.5-1.5B,0.321,0.5713452
1000,17,Qwen2.5-3B,0.485,0.7149392
1000,17,Qwen2.5-7B,0.596,0.8030427
1000,17,deepseek-v3,0.764,0.9105356
1000,17,gemma-2-2b,0.491,0.7369702
1000,17,gemma-2-9b,0.604,0.79501307
1000,17,llama3.1-405b,0.682,0.8609381
1000,17,llama3.3-70b,0.723,0.8912522
1000,17,mistral-large,0.698,0.880351
1000,17,qwen2.5-72b,0.627,0.79583097
1000,18,Llama-3.1-8B,0.572,0.7986841
1000,18,Llama-3.2-1B,0.296,0.5519298
1000,18,Llama-3.2-3B,0.504,0.7434629
1000,18,Qwen2.5-0.5B,0.144,0.3867582
1000,18,Qwen2.5-1.5B,0.338,0.59267485
1000,18,Qwen2.5-3B,0.494,0.7270319
1000,18,Qwen2.5-7B,0.608,0.814437
1000,18,deepseek-v3,0.775,0.9193855
1000,18,gemma-2-2b,0.486,0.72970444
1000,18,gemma-2-9b,0.59,0.79712844
1000,18,llama3.1-405b,0.687,0.8633619
1000,18,llama3.3-70b,0.701,0.88346547
1000,18,mistral-large,0.701,0.8840081
1000,18,qwen2.5-72b,0.631,0.8050128
1000,19,Llama-3.1-8B,0.565,0.7889201
1000,19,Llama-3.2-1B,0.303,0.5727878
1000,19,Llama-3.2-3B,0.507,0.7363477
1000,19,Qwen2.5-0.5B,0.164,0.39291203
1000,19,Qwen2.5-1.5B,0.32,0.572043
1000,19,Qwen2.5-3B,0.49,0.72494364
1000,19,Qwen2.5-7B,0.599,0.79956675
1000,19,deepseek-v3,0.771,0.9132698
1000,19,gemma-2-2b,0.52,0.73507965
1000,19,gemma-2-9b,0.61,0.7933
1000,19,llama3.1-405b,0.692,0.8536297
1000,19,llama3.3-70b,0.73,0.8884522
1000,19,mistral-large,0.718,0.88151044
1000,19,qwen2.5-72b,0.64,0.8024321
1000,20,Llama-3.1-8B,0.586,0.7981561
1000,20,Llama-3.2-1B,0.301,0.5722239
1000,20,Llama-3.2-3B,0.505,0.73885345
1000,20,Qwen2.5-0.5B,0.162,0.40305465
1000,20,Qwen2.5-1.5B,0.301,0.572274
1000,20,Qwen2.5-3B,0.5,0.7351474
1000,20,Qwen2.5-7B,0.605,0.8090834
1000,20,deepseek-v3,0.752,0.9106011
1000,20,gemma-2-2b,0.507,0.7414095
1000,20,gemma-2-9b,0.576,0.7866703
1000,20,llama3.1-405b,0.687,0.86012614
1000,20,llama3.3-70b,0.713,0.88762486
1000,20,mistral-large,0.702,0.8759189
1000,20,qwen2.5-72b,0.639,0.8074013
1000,21,Llama-3.1-8B,0.594,0.8003354
1000,21,Llama-3.2-1B,0.317,0.56572723
1000,21,Llama-3.2-3B,0.523,0.74295336
1000,21,Qwen2.5-0.5B,0.183,0.40084147
1000,21,Qwen2.5-1.5B,0.337,0.5774428
1000,21,Qwen2.5-3B,0.504,0.73000574
1000,21,Qwen2.5-7B,0.632,0.82355446
1000,21,deepseek-v3,0.785,0.9238689
1000,21,gemma-2-2b,0.532,0.74314624
1000,21,gemma-2-9b,0.606,0.79800934
1000,21,llama3.1-405b,0.695,0.85776407
1000,21,llama3.3-70b,0.74,0.89231306
1000,21,mistral-large,0.716,0.8883619
1000,21,qwen2.5-72b,0.657,0.81356883
1000,22,Llama-3.1-8B,0.613,0.81970716
1000,22,Llama-3.2-1B,0.33,0.5861464
1000,22,Llama-3.2-3B,0.526,0.76176405
1000,22,Qwen2.5-0.5B,0.157,0.39709646
1000,22,Qwen2.5-1.5B,0.353,0.597088
1000,22,Qwen2.5-3B,0.512,0.74722224
1000,22,Qwen2.5-7B,0.634,0.82323223
1000,22,deepseek-v3,0.775,0.91714394
1000,22,gemma-2-2b,0.521,0.7482511
1000,22,gemma-2-9b,0.625,0.8172014
1000,22,llama3.1-405b,0.704,0.8703462
1000,22,llama3.3-70b,0.741,0.8946297
1000,22,mistral-large,0.726,0.8905188
1000,22,qwen2.5-72b,0.645,0.81307966
1000,23,Llama-3.1-8B,0.575,0.7974105
1000,23,Llama-3.2-1B,0.306,0.57545817
1000,23,Llama-3.2-3B,0.511,0.74703056
1000,23,Qwen2.5-0.5B,0.155,0.39058805
1000,23,Qwen2.5-1.5B,0.335,0.5913165
1000,23,Qwen2.5-3B,0.509,0.7354689
1000,23,Qwen2.5-7B,0.611,0.82278305
1000,23,deepseek-v3,0.763,0.91218555
1000,23,gemma-2-2b,0.508,0.742065
1000,23,gemma-2-9b,0.614,0.8020367
1000,23,llama3.1-405b,0.684,0.8604355
1000,23,llama3.3-70b,0.718,0.88646525
1000,23,mistral-large,0.717,0.88624483
1000,23,qwen2.5-72b,0.631,0.807788
1000,24,Llama-3.1-8B,0.605,0.80746907
1000,24,Llama-3.2-1B,0.294,0.5496534
1000,24,Llama-3.2-3B,0.518,0.7454965
1000,24,Qwen2.5-0.5B,0.142,0.38904658
1000,24,Qwen2.5-1.5B,0.314,0.5767469
1000,24,Qwen2.5-3B,0.503,0.72993314
1000,24,Qwen2.5-7B,0.624,0.8197367
1000,24,deepseek-v3,0.778,0.9131868
1000,24,gemma-2-2b,0.524,0.7413248
1000,24,gemma-2-9b,0.618,0.80806416
1000,24,llama3.1-405b,0.726,0.87541753
1000,24,llama3.3-70b,0.739,0.8968688
1000,24,mistral-large,0.732,0.89220464
1000,24,qwen2.5-72b,0.648,0.8174668
1000,25,Llama-3.1-8B,0.585,0.7962652
1000,25,Llama-3.2-1B,0.292,0.53313106
1000,25,Llama-3.2-3B,0.503,0.73882097
1000,25,Qwen2.5-0.5B,0.148,0.36685354
1000,25,Qwen2.5-1.5B,0.293,0.54881686
1000,25,Qwen2.5-3B,0.492,0.7236652
1000,25,Qwen2.5-7B,0.605,0.80858666
1000,25,deepseek-v3,0.778,0.92277116
1000,25,gemma-2-2b,0.473,0.7209458
1000,25,gemma-2-9b,0.597,0.79846376
1000,25,llama3.1-405b,0.685,0.8562807
1000,25,llama3.3-70b,0.717,0.88859266
1000,25,mistral-large,0.706,0.88879
1000,25,qwen2.5-72b,0.621,0.791827
1000,26,Llama-3.1-8B,0.589,0.8059115
1000,26,Llama-3.2-1B,0.325,0.5847608
1000,26,Llama-3.2-3B,0.502,0.74643445
1000,26,Qwen2.5-0.5B,0.161,0.3957989
1000,26,Qwen2.5-1.5B,0.335,0.58938694
1000,26,Qwen2.5-3B,0.508,0.73462355
1000,26,Qwen2.5-7B,0.624,0.81967705
1000,26,deepseek-v3,0.78,0.9190164
1000,26,gemma-2-2b,0.51,0.7360595
1000,26,gemma-2-9b,0.602,0.8010142
1000,26,llama3.1-405b,0.697,0.86702585
1000,26,llama3.3-70b,0.732,0.88915807
1000,26,mistral-large,0.73,0.89115083
1000,26,qwen2.5-72b,0.665,0.8197926
1000,27,Llama-3.1-8B,0.602,0.8043726
1000,27,Llama-3.2-1B,0.307,0.5688642
1000,27,Llama-3.2-3B,0.522,0.75755024
1000,27,Qwen2.5-0.5B,0.161,0.40003812
1000,27,Qwen2.5-1.5B,0.338,0.5935336
1000,27,Qwen2.5-3B,0.525,0.7433782
1000,27,Qwen2.5-7B,0.64,0.8289806
1000,27,deepseek-v3,0.784,0.92544514
1000,27,gemma-2-2b,0.524,0.75983775
1000,27,gemma-2-9b,0.622,0.8155879
1000,27,llama3.1-405b,0.692,0.87211186
1000,27,llama3.3-70b,0.746,0.9027356
1000,27,mistral-large,0.739,0.9000534
1000,27,qwen2.5-72b,0.656,0.8180739
1000,28,Llama-3.1-8B,0.594,0.82176286
1000,28,Llama-3.2-1B,0.328,0.5788095
1000,28,Llama-3.2-3B,0.536,0.7734747
1000,28,Qwen2.5-0.5B,0.159,0.39357385
1000,28,Qwen2.5-1.5B,0.323,0.5781236
1000,28,Qwen2.5-3B,0.521,0.759731
1000,28,Qwen2.5-7B,0.619,0.822457
1000,28,deepseek-v3,0.767,0.91525704
1000,28,gemma-2-2b,0.51,0.75503546
1000,28,gemma-2-9b,0.606,0.81272024
1000,28,llama3.1-405b,0.694,0.86821157
1000,28,llama3.3-70b,0.729,0.89818794
1000,28,mistral-large,0.723,0.8973925
1000,28,qwen2.5-72b,0.63,0.81040823
1000,29,Llama-3.1-8B,0.58,0.79390585
1000,29,Llama-3.2-1B,0.314,0.5581706
1000,29,Llama-3.2-3B,0.503,0.7443283
1000,29,Qwen2.5-0.5B,0.161,0.39404395
1000,29,Qwen2.5-1.5B,0.325,0.586732
1000,29,Qwen2.5-3B,0.469,0.7181988
1000,29,Qwen2.5-7B,0.63,0.818495
1000,29,deepseek-v3,0.758,0.912964
1000,29,gemma-2-2b,0.494,0.7330555
1000,29,gemma-2-9b,0.613,0.81344503
1000,29,llama3.1-405b,0.686,0.8611911
1000,29,llama3.3-70b,0.727,0.890195
1000,29,mistral-large,0.723,0.89264506
1000,29,qwen2.5-72b,0.645,0.8165487
1000,30,Llama-3.1-8B,0.565,0.7918676
1000,30,Llama-3.2-1B,0.285,0.5487356
1000,30,Llama-3.2-3B,0.519,0.75257736
1000,30,Qwen2.5-0.5B,0.165,0.39867395
1000,30,Qwen2.5-1.5B,0.311,0.5671705
1000,30,Qwen2.5-3B,0.479,0.7270201
1000,30,Qwen2.5-7B,0.58,0.79652125
1000,30,deepseek-v3,0.761,0.9139591
1000,30,gemma-2-2b,0.501,0.7335747
1000,30,gemma-2-9b,0.598,0.80492735
1000,30,llama3.1-405b,0.677,0.85759234
1000,30,llama3.3-70b,0.696,0.8801211
1000,30,mistral-large,0.716,0.89145553
1000,30,qwen2.5-72b,0.624,0.8033346
1000,31,Llama-3.1-8B,0.598,0.8052645
1000,31,Llama-3.2-1B,0.324,0.57431406
1000,31,Llama-3.2-3B,0.511,0.7490833
1000,31,Qwen2.5-0.5B,0.165,0.3986667
1000,31,Qwen2.5-1.5B,0.336,0.5882893
1000,31,Qwen2.5-3B,0.507,0.7432489
1000,31,Qwen2.5-7B,0.62,0.8243169
1000,31,deepseek-v3,0.776,0.91992384
1000,31,gemma-2-2b,0.525,0.7493319
1000,31,gemma-2-9b,0.605,0.8074525
1000,31,llama3.1-405b,0.696,0.86682636
1000,31,llama3.3-70b,0.736,0.9006333
1000,31,mistral-large,0.716,0.8879416
1000,31,qwen2.5-72b,0.667,0.83594286
1000,32,Llama-3.1-8B,0.566,0.7873283
1000,32,Llama-3.2-1B,0.295,0.5587262
1000,32,Llama-3.2-3B,0.525,0.7527819
1000,32,Qwen2.5-0.5B,0.146,0.38446897
1000,32,Qwen2.5-1.5B,0.322,0.5615798
1000,32,Qwen2.5-3B,0.493,0.7273964
1000,32,Qwen2.5-7B,0.617,0.80636317
1000,32,deepseek-v3,0.779,0.9165224
1000,32,gemma-2-2b,0.509,0.7384247
1000,32,gemma-2-9b,0.633,0.8195069
1000,32,llama3.1-405b,0.685,0.8569271
1000,32,llama3.3-70b,0.722,0.89066076
1000,32,mistral-large,0.717,0.88465464
1000,32,qwen2.5-72b,0.641,0.8124855
1000,33,Llama-3.1-8B,0.578,0.80016047
1000,33,Llama-3.2-1B,0.313,0.570165
1000,33,Llama-3.2-3B,0.517,0.7593797
1000,33,Qwen2.5-0.5B,0.165,0.38591063
1000,33,Qwen2.5-1.5B,0.306,0.5718677
1000,33,Qwen2.5-3B,0.503,0.7380891
1000,33,Qwen2.5-7B,0.61,0.81815577
1000,33,deepseek-v3,0.76,0.9198031
1000,33,gemma-2-2b,0.502,0.7477211
1000,33,gemma-2-9b,0.601,0.8088331
1000,33,llama3.1-405b,0.683,0.86644167
1000,33,llama3.3-70b,0.704,0.88748336
1000,33,mistral-large,0.711,0.89053804
1000,33,qwen2.5-72b,0.649,0.8244747
1000,34,Llama-3.1-8B,0.575,0.7975999
1000,34,Llama-3.2-1B,0.295,0.55100244
1000,34,Llama-3.2-3B,0.484,0.7415973
1000,34,Qwen2.5-0.5B,0.137,0.38468802
1000,34,Qwen2.5-1.5B,0.31,0.5783712
1000,34,Qwen2.5-3B,0.465,0.7287761
1000,34,Qwen2.5-7B,0.583,0.8117414
1000,34,deepseek-v3,0.743,0.9120865
1000,34,gemma-2-2b,0.507,0.75401515
1000,34,gemma-2-9b,0.565,0.7894011
1000,34,llama3.1-405b,0.657,0.85590667
1000,34,llama3.3-70b,0.714,0.8879044
1000,34,mistral-large,0.691,0.8854736
1000,34,qwen2.5-72b,0.618,0.81066644
1000,35,Llama-3.1-8B,0.584,0.7977379
1000,35,Llama-3.2-1B,0.323,0.57785565
1000,35,Llama-3.2-3B,0.528,0.75102144
1000,35,Qwen2.5-0.5B,0.172,0.3938416
1000,35,Qwen2.5-1.5B,0.353,0.5837975
1000,35,Qwen2.5-3B,0.512,0.7365061
1000,35,Qwen2.5-7B,0.632,0.8278012
1000,35,deepseek-v3,0.783,0.9205416
1000,35,gemma-2-2b,0.527,0.7542783
1000,35,gemma-2-9b,0.616,0.8072655
1000,35,llama3.1-405b,0.702,0.8696701
1000,35,llama3.3-70b,0.736,0.89476645
1000,35,mistral-large,0.729,0.8921282
1000,35,qwen2.5-72b,0.656,0.82607
1000,36,Llama-3.1-8B,0.581,0.79788566
1000,36,Llama-3.2-1B,0.301,0.559619
1000,36,Llama-3.2-3B,0.496,0.7431748
1000,36,Qwen2.5-0.5B,0.156,0.39280838
1000,36,Qwen2.5-1.5B,0.314,0.57128084
1000,36,Qwen2.5-3B,0.48,0.72650224
1000,36,Qwen2.5-7B,0.577,0.7958453
1000,36,deepseek-v3,0.739,0.9037987
1000,36,gemma-2-2b,0.505,0.73502237
1000,36,gemma-2-9b,0.592,0.7908906
1000,36,llama3.1-405b,0.676,0.85599875
1000,36,llama3.3-70b,0.71,0.87982875
1000,36,mistral-large,0.711,0.8870152
1000,36,qwen2.5-72b,0.628,0.8012763
1000,37,Llama-3.1-8B,0.555,0.78551984
1000,37,Llama-3.2-1B,0.292,0.55598897
1000,37,Llama-3.2-3B,0.506,0.7443382
1000,37,Qwen2.5-0.5B,0.157,0.3882691
1000,37,Qwen2.5-1.5B,0.315,0.5637907
1000,37,Qwen2.5-3B,0.493,0.7305924
1000,37,Qwen2.5-7B,0.611,0.8125583
1000,37,deepseek-v3,0.747,0.9077322
1000,37,gemma-2-2b,0.492,0.7279321
1000,37,gemma-2-9b,0.601,0.79164654
1000,37,llama3.1-405b,0.674,0.8500461
1000,37,llama3.3-70b,0.694,0.88127595
1000,37,mistral-large,0.699,0.8783142
1000,37,qwen2.5-72b,0.629,0.8055821
1000,38,Llama-3.1-8B,0.57,0.7898501
1000,38,Llama-3.2-1B,0.309,0.566625
1000,38,Llama-3.2-3B,0.527,0.74622375
1000,38,Qwen2.5-0.5B,0.167,0.40630826
1000,38,Qwen2.5-1.5B,0.336,0.5981283
1000,38,Qwen2.5-3B,0.499,0.74162346
1000,38,Qwen2.5-7B,0.64,0.83752
1000,38,deepseek-v3,0.773,0.9149237
1000,38,gemma-2-2b,0.506,0.75004137
1000,38,gemma-2-9b,0.617,0.81562984
1000,38,llama3.1-405b,0.689,0.8648568
1000,38,llama3.3-70b,0.715,0.8848391
1000,38,mistral-large,0.714,0.88947487
1000,38,qwen2.5-72b,0.65,0.8167476
1000,39,Llama-3.1-8B,0.599,0.8095293
1000,39,Llama-3.2-1B,0.312,0.5659357
1000,39,Llama-3.2-3B,0.532,0.75458425
1000,39,Qwen2.5-0.5B,0.164,0.4043477
1000,39,Qwen2.5-1.5B,0.34,0.5784929
1000,39,Qwen2.5-3B,0.491,0.7179795
1000,39,Qwen2.5-7B,0.641,0.8300498
1000,39,deepseek-v3,0.783,0.9222248
1000,39,gemma-2-2b,0.514,0.7391899
1000,39,gemma-2-9b,0.596,0.7933532
1000,39,llama3.1-405b,0.703,0.8634079
1000,39,llama3.3-70b,0.73,0.8931639
1000,39,mistral-large,0.734,0.894846
1000,39,qwen2.5-72b,0.647,0.80916774
1000,40,Llama-3.1-8B,0.576,0.8009166
1000,40,Llama-3.2-1B,0.318,0.58445853
1000,40,Llama-3.2-3B,0.531,0.7649289
1000,40,Qwen2.5-0.5B,0.158,0.3923974
1000,40,Qwen2.5-1.5B,0.34,0.5791999
1000,40,Qwen2.5-3B,0.499,0.73618674
1000,40,Qwen2.5-7B,0.619,0.82114244
1000,40,deepseek-v3,0.756,0.90793437
1000,40,gemma-2-2b,0.535,0.75639164
1000,40,gemma-2-9b,0.611,0.8127999
1000,40,llama3.1-405b,0.691,0.8591416
1000,40,llama3.3-70b,0.717,0.8875502
1000,40,mistral-large,0.715,0.8867713
1000,40,qwen2.5-72b,0.643,0.81649876
1000,41,Llama-3.1-8B,0.592,0.80872333
1000,41,Llama-3.2-1B,0.325,0.5858999
1000,41,Llama-3.2-3B,0.523,0.75703925
1000,41,Qwen2.5-0.5B,0.155,0.3954478
1000,41,Qwen2.5-1.5B,0.342,0.59511656
1000,41,Qwen2.5-3B,0.495,0.73790574
1000,41,Qwen2.5-7B,0.609,0.82351553
1000,41,deepseek-v3,0.773,0.9206045
1000,41,gemma-2-2b,0.515,0.7582806
1000,41,gemma-2-9b,0.617,0.8176144
1000,41,llama3.1-405b,0.694,0.8685523
1000,41,llama3.3-70b,0.731,0.8943129
1000,41,mistral-large,0.724,0.8911178
1000,41,qwen2.5-72b,0.653,0.8227332
1000,42,Llama-3.1-8B,0.594,0.8114106
1000,42,Llama-3.2-1B,0.339,0.59412724
1000,42,Llama-3.2-3B,0.5,0.73924863
1000,42,Qwen2.5-0.5B,0.162,0.3917013
1000,42,Qwen2.5-1.5B,0.352,0.5927689
1000,42,Qwen2.5-3B,0.505,0.7376915
1000,42,Qwen2.5-7B,0.616,0.81878185
1000,42,deepseek-v3,0.77,0.91457856
1000,42,gemma-2-2b,0.506,0.74046904
1000,42,gemma-2-9b,0.604,0.80018914
1000,42,llama3.1-405b,0.688,0.8619571
1000,42,llama3.3-70b,0.713,0.887514
1000,42,mistral-large,0.723,0.89571273
1000,42,qwen2.5-72b,0.643,0.8148166
1000,43,Llama-3.1-8B,0.589,0.8042021
1000,43,Llama-3.2-1B,0.304,0.5625868
1000,43,Llama-3.2-3B,0.516,0.7553983
1000,43,Qwen2.5-0.5B,0.158,0.39950123
1000,43,Qwen2.5-1.5B,0.311,0.5699738
1000,43,Qwen2.5-3B,0.49,0.7386687
1000,43,Qwen2.5-7B,0.593,0.80679756
1000,43,deepseek-v3,0.777,0.9177059
1000,43,gemma-2-2b,0.499,0.7409022
1000,43,gemma-2-9b,0.616,0.80511546
1000,43,llama3.1-405b,0.696,0.8634761
1000,43,llama3.3-70b,0.713,0.8873283
1000,43,mistral-large,0.711,0.88400567
1000,43,qwen2.5-72b,0.627,0.8036699
1000,44,Llama-3.1-8B,0.606,0.81422144
1000,44,Llama-3.2-1B,0.316,0.5642181
1000,44,Llama-3.2-3B,0.538,0.76941884
1000,44,Qwen2.5-0.5B,0.157,0.3964775
1000,44,Qwen2.5-1.5B,0.339,0.6018703
1000,44,Qwen2.5-3B,0.512,0.7446356
1000,44,Qwen2.5-7B,0.63,0.8307165
1000,44,deepseek-v3,0.775,0.9150774
1000,44,gemma-2-2b,0.522,0.75262845
1000,44,gemma-2-9b,0.638,0.8237308
1000,44,llama3.1-405b,0.697,0.86635697
1000,44,llama3.3-70b,0.726,0.8873094
1000,44,mistral-large,0.732,0.8962749
1000,44,qwen2.5-72b,0.66,0.8230676
1000,45,Llama-3.1-8B,0.566,0.78427243
1000,45,Llama-3.2-1B,0.303,0.5607227
1000,45,Llama-3.2-3B,0.492,0.7368535
1000,45,Qwen2.5-0.5B,0.153,0.3859584
1000,45,Qwen2.5-1.5B,0.322,0.58197874
1000,45,Qwen2.5-3B,0.49,0.7384557
1000,45,Qwen2.5-7B,0.605,0.81445736
1000,45,deepseek-v3,0.752,0.9091797
1000,45,gemma-2-2b,0.494,0.7400451
1000,45,gemma-2-9b,0.585,0.786086
1000,45,llama3.1-405b,0.681,0.8574156
1000,45,llama3.3-70b,0.709,0.8836832
1000,45,mistral-large,0.714,0.8881141
1000,45,qwen2.5-72b,0.632,0.80550945
1000,46,Llama-3.1-8B,0.596,0.80926627
1000,46,Llama-3.2-1B,0.312,0.5740044
1000,46,Llama-3.2-3B,0.504,0.7490019
1000,46,Qwen2.5-0.5B,0.16,0.39569888
1000,46,Qwen2.5-1.5B,0.346,0.5892237
1000,46,Qwen2.5-3B,0.513,0.7487509
1000,46,Qwen2.5-7B,0.612,0.82000446
1000,46,deepseek-v3,0.774,0.91651183
1000,46,gemma-2-2b,0.506,0.7469377
1000,46,gemma-2-9b,0.602,0.8026737
1000,46,llama3.1-405b,0.693,0.8666236
1000,46,llama3.3-70b,0.73,0.8970976
1000,46,mistral-large,0.717,0.8893855
1000,46,qwen2.5-72b,0.659,0.82286155
1000,47,Llama-3.1-8B,0.594,0.7998192
1000,47,Llama-3.2-1B,0.301,0.5587831
1000,47,Llama-3.2-3B,0.525,0.74121153
1000,47,Qwen2.5-0.5B,0.153,0.38211322
1000,47,Qwen2.5-1.5B,0.341,0.5834485
1000,47,Qwen2.5-3B,0.499,0.7272726
1000,47,Qwen2.5-7B,0.599,0.8108105
1000,47,deepseek-v3,0.768,0.9165951
1000,47,gemma-2-2b,0.494,0.7275151
1000,47,gemma-2-9b,0.588,0.7904702
1000,47,llama3.1-405b,0.687,0.8568761
1000,47,llama3.3-70b,0.718,0.8861548
1000,47,mistral-large,0.718,0.88933086
1000,47,qwen2.5-72b,0.635,0.80024046
1000,48,Llama-3.1-8B,0.577,0.8028274
1000,48,Llama-3.2-1B,0.334,0.5844593
1000,48,Llama-3.2-3B,0.523,0.7661866
1000,48,Qwen2.5-0.5B,0.181,0.40602958
1000,48,Qwen2.5-1.5B,0.349,0.5891606
1000,48,Qwen2.5-3B,0.49,0.72368425
1000,48,Qwen2.5-7B,0.611,0.81401104
1000,48,deepseek-v3,0.775,0.91720945
1000,48,gemma-2-2b,0.512,0.74677134
1000,48,gemma-2-9b,0.604,0.8029452
1000,48,llama3.1-405b,0.669,0.8577678
1000,48,llama3.3-70b,0.709,0.8814807
1000,48,mistral-large,0.711,0.87767977
1000,48,qwen2.5-72b,0.645,0.8187689
1000,49,Llama-3.1-8B,0.593,0.8047975
1000,49,Llama-3.2-1B,0.326,0.57579744
1000,49,Llama-3.2-3B,0.521,0.74949753
1000,49,Qwen2.5-0.5B,0.155,0.39125958
1000,49,Qwen2.5-1.5B,0.336,0.586545
1000,49,Qwen2.5-3B,0.482,0.73062867
1000,49,Qwen2.5-7B,0.61,0.8162284
1000,49,deepseek-v3,0.782,0.91815335
1000,49,gemma-2-2b,0.501,0.7414833
1000,49,gemma-2-9b,0.601,0.80150944
1000,49,llama3.1-405b,0.697,0.8696666
1000,49,llama3.3-70b,0.734,0.8974309
1000,49,mistral-large,0.723,0.895496
1000,49,qwen2.5-72b,0.646,0.81715596
2000,0,Llama-3.1-8B,0.584,0.80367756
2000,0,Llama-3.2-1B,0.3155,0.5778792
2000,0,Llama-3.2-3B,0.5325,0.756284
2000,0,Qwen2.5-0.5B,0.1625,0.40481102
2000,0,Qwen2.5-1.5B,0.329,0.5855848
2000,0,Qwen2.5-3B,0.5085,0.74326664
2000,0,Qwen2.5-7B,0.6255,0.82604474
2000,0,deepseek-v3,0.7725,0.9175251
2000,0,gemma-2-2b,0.514,0.7496745
2000,0,gemma-2-9b,0.6045,0.80120814
2000,0,llama3.1-405b,0.69,0.8594662
2000,0,llama3.3-70b,0.723,0.88804454
2000,0,mistral-large,0.7155,0.8870667
2000,0,qwen2.5-72b,0.6485,0.81478715
2000,1,Llama-3.1-8B,0.577,0.7964485
2000,1,Llama-3.2-1B,0.3165,0.5736182
2000,1,Llama-3.2-3B,0.508,0.7463883
2000,1,Qwen2.5-0.5B,0.1695,0.40238035
2000,1,Qwen2.5-1.5B,0.338,0.5884834
2000,1,Qwen2.5-3B,0.491,0.7331331
2000,1,Qwen2.5-7B,0.611,0.81718254
2000,1,deepseek-v3,0.7635,0.9148604
2000,1,gemma-2-2b,0.5035,0.7425691
2000,1,gemma-2-9b,0.5885,0.7978563
2000,1,llama3.1-405b,0.686,0.85969424
2000,1,llama3.3-70b,0.7185,0.88767177
2000,1,mistral-large,0.712,0.8869723
2000,1,qwen2.5-72b,0.648,0.82482564
2000,2,Llama-3.1-8B,0.5975,0.8077225
2000,2,Llama-3.2-1B,0.3165,0.5744409
2000,2,Llama-3.2-3B,0.5265,0.7640644
2000,2,Qwen2.5-0.5B,0.167,0.40034115
2000,2,Qwen2.5-1.5B,0.342,0.59843415
2000,2,Qwen2.5-3B,0.5085,0.743443
2000,2,Qwen2.5-7B,0.6195,0.8205409
2000,2,deepseek-v3,0.777,0.91982746
2000,2,gemma-2-2b,0.522,0.75302196
2000,2,gemma-2-9b,0.607,0.80369985
2000,2,llama3.1-405b,0.6925,0.86454004
2000,2,llama3.3-70b,0.7305,0.8951777
2000,2,mistral-large,0.727,0.8936245
2000,2,qwen2.5-72b,0.6465,0.81915975
2000,3,Llama-3.1-8B,0.5775,0.78987664
2000,3,Llama-3.2-1B,0.3155,0.5695283
2000,3,Llama-3.2-3B,0.504,0.75076556
2000,3,Qwen2.5-0.5B,0.1595,0.39730597
2000,3,Qwen2.5-1.5B,0.341,0.5870188
2000,3,Qwen2.5-3B,0.492,0.7264944
2000,3,Qwen2.5-7B,0.6305,0.8221294
2000,3,deepseek-v3,0.775,0.91614777
2000,3,gemma-2-2b,0.5045,0.73623836
2000,3,gemma-2-9b,0.6115,0.7980159
2000,3,llama3.1-405b,0.703,0.86712444
2000,3,llama3.3-70b,0.729,0.8925865
2000,3,mistral-large,0.717,0.88813597
2000,3,qwen2.5-72b,0.629,0.80395937
2000,4,Llama-3.1-8B,0.5895,0.8020689
2000,4,Llama-3.2-1B,0.3045,0.56446534
2000,4,Llama-3.2-3B,0.5155,0.7535859
2000,4,Qwen2.5-0.5B,0.163,0.38682073
2000,4,Qwen2.5-1.5B,0.3225,0.567139
2000,4,Qwen2.5-3B,0.496,0.72744495
2000,4,Qwen2.5-7B,0.6065,0.80730826
2000,4,deepseek-v3,0.772,0.91512316
2000,4,gemma-2-2b,0.503,0.7368327
2000,4,gemma-2-9b,0.61,0.7987785
2000,4,llama3.1-405b,0.694,0.86232156
2000,4,llama3.3-70b,0.732,0.8914714
2000,4,mistral-large,0.7215,0.89192444
2000,4,qwen2.5-72b,0.643,0.80793107
2000,5,Llama-3.1-8B,0.6015,0.8139731
2000,5,Llama-3.2-1B,0.33,0.5865582
2000,5,Llama-3.2-3B,0.54,0.765906
2000,5,Qwen2.5-0.5B,0.169,0.39952114
2000,5,Qwen2.5-1.5B,0.335,0.5875887
2000,5,Qwen2.5-3B,0.521,0.75067765
2000,5,Qwen2.5-7B,0.6175,0.82001406
2000,5,deepseek-v3,0.7655,0.918625
2000,5,gemma-2-2b,0.529,0.7564259
2000,5,gemma-2-9b,0.618,0.8067801
2000,5,llama3.1-405b,0.702,0.870707
2000,5,llama3.3-70b,0.726,0.8928843
2000,5,mistral-large,0.738,0.89608335
2000,5,qwen2.5-72b,0.6485,0.8186864
2000,6,Llama-3.1-8B,0.5685,0.7918746
2000,6,Llama-3.2-1B,0.304,0.56395906
2000,6,Llama-3.2-3B,0.5045,0.740621
2000,6,Qwen2.5-0.5B,0.1565,0.38939047
2000,6,Qwen2.5-1.5B,0.323,0.57591975
2000,6,Qwen2.5-3B,0.504,0.7361149
2000,6,Qwen2.5-7B,0.615,0.81232196
2000,6,deepseek-v3,0.771,0.9192421
2000,6,gemma-2-2b,0.5145,0.73702127
2000,6,gemma-2-9b,0.6075,0.80009687
2000,6,llama3.1-405b,0.684,0.8614801
2000,6,llama3.3-70b,0.719,0.8878335
2000,6,mistral-large,0.7125,0.88693345
2000,6,qwen2.5-72b,0.6445,0.81387407
2000,7,Llama-3.1-8B,0.5675,0.79221064
2000,7,Llama-3.2-1B,0.3075,0.5720334
2000,7,Llama-3.2-3B,0.5075,0.74840283
2000,7,Qwen2.5-0.5B,0.155,0.39538288
2000,7,Qwen2.5-1.5B,0.335,0.5878365
2000,7,Qwen2.5-3B,0.494,0.7358845
2000,7,Qwen2.5-7B,0.6025,0.811767
2000,7,deepseek-v3,0.7585,0.91512036
2000,7,gemma-2-2b,0.499,0.7397303
2000,7,gemma-2-9b,0.5905,0.79714763
2000,7,llama3.1-405b,0.6885,0.863106
2000,7,llama3.3-70b,0.721,0.8928312
2000,7,mistral-large,0.709,0.8850648
2000,7,qwen2.5-72b,0.633,0.8083561
2000,8,Llama-3.1-8B,0.582,0.79724306
2000,8,Llama-3.2-1B,0.3105,0.5696399
2000,8,Llama-3.2-3B,0.5165,0.75374496
2000,8,Qwen2.5-0.5B,0.1505,0.3915929
2000,8,Qwen2.5-1.5B,0.3315,0.5749969
2000,8,Qwen2.5-3B,0.49,0.72909474
2000,8,Qwen2.5-7B,0.6145,0.8139884
2000,8,deepseek-v3,0.775,0.91986865
2000,8,gemma-2-2b,0.513,0.74951583
2000,8,gemma-2-9b,0.6125,0.80877185
2000,8,llama3.1-405b,0.6875,0.8632054
2000,8,llama3.3-70b,0.7265,0.89301735
2000,8,mistral-large,0.722,0.8934145
2000,8,qwen2.5-72b,0.637,0.81179464
2000,9,Llama-3.1-8B,0.5815,0.7990151
2000,9,Llama-3.2-1B,0.3265,0.58270687
2000,9,Llama-3.2-3B,0.514,0.75272465
2000,9,Qwen2.5-0.5B,0.175,0.41199043
2000,9,Qwen2.5-1.5B,0.344,0.5911956
2000,9,Qwen2.5-3B,0.5025,0.73719513
2000,9,Qwen2.5-7B,0.608,0.8117516
2000,9,deepseek-v3,0.7695,0.9168838
2000,9,gemma-2-2b,0.5055,0.7376869
2000,9,gemma-2-9b,0.6035,0.79855347
2000,9,llama3.1-405b,0.697,0.86347616
2000,9,llama3.3-70b,0.717,0.8837291
2000,9,mistral-large,0.717,0.8865191
2000,9,qwen2.5-72b,0.651,0.816869
2000,10,Llama-3.1-8B,0.6025,0.8117255
2000,10,Llama-3.2-1B,0.315,0.5797147
2000,10,Llama-3.2-3B,0.524,0.76087135
2000,10,Qwen2.5-0.5B,0.1655,0.40045977
2000,10,Qwen2.5-1.5B,0.3325,0.5848006
2000,10,Qwen2.5-3B,0.504,0.73766625
2000,10,Qwen2.5-7B,0.623,0.81915796
2000,10,deepseek-v3,0.781,0.9187501
2000,10,gemma-2-2b,0.532,0.75941384
2000,10,gemma-2-9b,0.6155,0.80613863
2000,10,llama3.1-405b,0.6935,0.86424905
2000,10,llama3.3-70b,0.7325,0.8926191
2000,10,mistral-large,0.735,0.89691716
2000,10,qwen2.5-72b,0.655,0.8178705
2000,11,Llama-3.1-8B,0.582,0.79928875
2000,11,Llama-3.2-1B,0.3165,0.5730933
2000,11,Llama-3.2-3B,0.5115,0.7464202
2000,11,Qwen2.5-0.5B,0.153,0.38891786
2000,11,Qwen2.5-1.5B,0.321,0.5779878
2000,11,Qwen2.5-3B,0.4985,0.73527026
2000,11,Qwen2.5-7B,0.616,0.81909096
2000,11,deepseek-v3,0.775,0.9185843
2000,11,gemma-2-2b,0.5055,0.7380662
2000,11,gemma-2-9b,0.6095,0.8058475
2000,11,llama3.1-405b,0.6975,0.86514986
2000,11,llama3.3-70b,0.725,0.89024305
2000,11,mistral-large,0.708,0.88749146
2000,11,qwen2.5-72b,0.6385,0.816323
2000,12,Llama-3.1-8B,0.586,0.8008671
2000,12,Llama-3.2-1B,0.328,0.5790637
2000,12,Llama-3.2-3B,0.522,0.7545706
2000,12,Qwen2.5-0.5B,0.1705,0.40485245
2000,12,Qwen2.5-1.5B,0.3405,0.58562684
2000,12,Qwen2.5-3B,0.504,0.7396721
2000,12,Qwen2.5-7B,0.61,0.81155
2000,12,deepseek-v3,0.768,0.91533595
2000,12,gemma-2-2b,0.5345,0.759685
2000,12,gemma-2-9b,0.6115,0.8100575
2000,12,llama3.1-405b,0.6975,0.8635017
2000,12,llama3.3-70b,0.7265,0.8888238
2000,12,mistral-large,0.726,0.89179873
2000,12,qwen2.5-72b,0.649,0.81676465
2000,13,Llama-3.1-8B,0.5905,0.8033904
2000,13,Llama-3.2-1B,0.3175,0.5720909
2000,13,Llama-3.2-3B,0.515,0.7485052
2000,13,Qwen2.5-0.5B,0.169,0.40628403
2000,13,Qwen2.5-1.5B,0.347,0.59142506
2000,13,Qwen2.5-3B,0.5145,0.74755764
2000,13,Qwen2.5-7B,0.62,0.81766963
2000,13,deepseek-v3,0.7785,0.9179469
2000,13,gemma-2-2b,0.51,0.7441335
2000,13,gemma-2-9b,0.6045,0.8024292
2000,13,llama3.1-405b,0.7005,0.86901015
2000,13,llama3.3-70b,0.7275,0.8894582
2000,13,mistral-large,0.723,0.89029837
2000,13,qwen2.5-72b,0.6485,0.8157279
2000,14,Llama-3.1-8B,0.5785,0.7973017
2000,14,Llama-3.2-1B,0.3125,0.57191336
2000,14,Llama-3.2-3B,0.514,0.7539749
2000,14,Qwen2.5-0.5B,0.1495,0.39385122
2000,14,Qwen2.5-1.5B,0.335,0.5873501
2000,14,Qwen2.5-3B,0.5,0.7383716
2000,14,Qwen2.5-7B,0.6135,0.8181688
2000,14,deepseek-v3,0.7705,0.9184974
2000,14,gemma-2-2b,0.518,0.7464227
2000,14,gemma-2-9b,0.6045,0.8102238
2000,14,llama3.1-405b,0.702,0.86779916
2000,14,llama3.3-70b,0.7225,0.8915796
2000,14,mistral-large,0.7195,0.88984925
2000,14,qwen2.5-72b,0.637,0.81483877
2000,15,Llama-3.1-8B,0.5815,0.7958287
2000,15,Llama-3.2-1B,0.3225,0.57336503
2000,15,Llama-3.2-3B,0.514,0.7457303
2000,15,Qwen2.5-0.5B,0.1655,0.4085569
2000,15,Qwen2.5-1.5B,0.3375,0.5821744
2000,15,Qwen2.5-3B,0.508,0.7358558
2000,15,Qwen2.5-7B,0.6095,0.81515825
2000,15,deepseek-v3,0.766,0.9158227
2000,15,gemma-2-2b,0.505,0.7350132
2000,15,gemma-2-9b,0.6005,0.79336655
2000,15,llama3.1-405b,0.6915,0.8606733
2000,15,llama3.3-70b,0.72,0.8893238
2000,15,mistral-large,0.719,0.8891149
2000,15,qwen2.5-72b,0.6405,0.80992055
2000,16,Llama-3.1-8B,0.6,0.8122468
2000,16,Llama-3.2-1B,0.3105,0.57562995
2000,16,Llama-3.2-3B,0.5305,0.76284933
2000,16,Qwen2.5-0.5B,0.1535,0.387934
2000,16,Qwen2.5-1.5B,0.329,0.58671844
2000,16,Qwen2.5-3B,0.501,0.7346642
2000,16,Qwen2.5-7B,0.6345,0.82738495
2000,16,deepseek-v3,0.7825,0.9222321
2000,16,gemma-2-2b,0.5155,0.7514391
2000,16,gemma-2-9b,0.6075,0.80765516
2000,16,llama3.1-405b,0.706,0.87202525
2000,16,llama3.3-70b,0.7285,0.8943437
2000,16,mistral-large,0.7195,0.8895273
2000,16,qwen2.5-72b,0.6685,0.82645285
2000,17,Llama-3.1-8B,0.586,0.80103546
2000,17,Llama-3.2-1B,0.319,0.5706487
2000,17,Llama-3.2-3B,0.5155,0.7551065
2000,17,Qwen2.5-0.5B,0.151,0.3898594
2000,17,Qwen2.5-1.5B,0.33,0.58245367
2000,17,Qwen2.5-3B,0.493,0.725133
2000,17,Qwen2.5-7B,0.6085,0.8141632
2000,17,deepseek-v3,0.766,0.9160249
2000,17,gemma-2-2b,0.5145,0.74433583
2000,17,gemma-2-9b,0.614,0.8103287
2000,17,llama3.1-405b,0.7005,0.8625848
2000,17,llama3.3-70b,0.719,0.8917471
2000,17,mistral-large,0.7185,0.89169943
2000,17,qwen2.5-72b,0.6485,0.8174153
2000,18,Llama-3.1-8B,0.588,0.8023953
2000,18,Llama-3.2-1B,0.316,0.57066125
2000,18,Llama-3.2-3B,0.512,0.75773454
2000,18,Qwen2.5-0.5B,0.1625,0.39434028
2000,18,Qwen2.5-1.5B,0.3355,0.58190507
2000,18,Qwen2.5-3B,0.4995,0.73752916
2000,18,Qwen2.5-7B,0.617,0.8186982
2000,18,deepseek-v3,0.7755,0.91989815
2000,18,gemma-2-2b,0.5185,0.74228895
2000,18,gemma-2-9b,0.6125,0.80096084
2000,18,llama3.1-405b,0.6935,0.86227155
2000,18,llama3.3-70b,0.7325,0.89410067
2000,18,mistral-large,0.7275,0.89248514
2000,18,qwen2.5-72b,0.6565,0.81556726
2000,19,Llama-3.1-8B,0.5965,0.8001226
2000,19,Llama-3.2-1B,0.325,0.581361
2000,19,Llama-3.2-3B,0.522,0.753984
2000,19,Qwen2.5-0.5B,0.147,0.38602874
2000,19,Qwen2.5-1.5B,0.3345,0.5948457
2000,19,Qwen2.5-3B,0.4965,0.7309738
2000,19,Qwen2.5-7B,0.6145,0.8173101
2000,19,deepseek-v3,0.7775,0.92129886
2000,19,gemma-2-2b,0.5065,0.7437982
2000,19,gemma-2-9b,0.6065,0.80784124
2000,19,llama3.1-405b,0.7005,0.86533165
2000,19,llama3.3-70b,0.728,0.8951974
2000,19,mistral-large,0.719,0.8873911
2000,19,qwen2.5-72b,0.64,0.8086744
2000,20,Llama-3.1-8B,0.611,0.81326264
2000,20,Llama-3.2-1B,0.3385,0.5885487
2000,20,Llama-3.2-3B,0.531,0.7653837
2000,20,Qwen2.5-0.5B,0.173,0.40909842
2000,20,Qwen2.5-1.5B,0.3405,0.58678836
2000,20,Qwen2.5-3B,0.514,0.7406168
2000,20,Qwen2.5-7B,0.6305,0.82161176
2000,20,deepseek-v3,0.78,0.92019415
2000,20,gemma-2-2b,0.521,0.7525161
2000,20,gemma-2-9b,0.609,0.8052867
2000,20,llama3.1-405b,0.7,0.8710026
2000,20,llama3.3-70b,0.7385,0.89770305
2000,20,mistral-large,0.723,0.89087856
2000,20,qwen2.5-72b,0.6475,0.81861484
2000,21,Llama-3.1-8B,0.576,0.7944459
2000,21,Llama-3.2-1B,0.3015,0.56263214
2000,21,Llama-3.2-3B,0.5145,0.75432354
2000,21,Qwen2.5-0.5B,0.1605,0.39266708
2000,21,Qwen2.5-1.5B,0.3325,0.58601683
2000,21,Qwen2.5-3B,0.492,0.728707
2000,21,Qwen2.5-7B,0.6045,0.8096282
2000,21,deepseek-v3,0.7645,0.9151783
2000,21,gemma-2-2b,0.501,0.7385654
2000,21,gemma-2-9b,0.6025,0.7992829
2000,21,llama3.1-405b,0.703,0.8680862
2000,21,llama3.3-70b,0.7225,0.8891939
2000,21,mistral-large,0.7135,0.88488954
2000,21,qwen2.5-72b,0.6395,0.80968595
2000,22,Llama-3.1-8B,0.5805,0.7974034
2000,22,Llama-3.2-1B,0.32,0.5797613
2000,22,Llama-3.2-3B,0.526,0.7626264
2000,22,Qwen2.5-0.5B,0.1655,0.40501803
2000,22,Qwen2.5-1.5B,0.3405,0.5887943
2000,22,Qwen2.5-3B,0.4985,0.7389402
2000,22,Qwen2.5-7B,0.625,0.8245935
2000,22,deepseek-v3,0.7705,0.9171499
2000,22,gemma-2-2b,0.509,0.7483985
2000,22,gemma-2-9b,0.614,0.80776376
2000,22,llama3.1-405b,0.705,0.8726027
2000,22,llama3.3-70b,0.726,0.8941373
2000,22,mistral-large,0.7095,0.88744515
2000,22,qwen2.5-72b,0.6445,0.8193139
2000,23,Llama-3.1-8B,0.5845,0.79916924
2000,23,Llama-3.2-1B,0.3175,0.5704972
2000,23,Llama-3.2-3B,0.528,0.7567055
2000,23,Qwen2.5-0.5B,0.168,0.39689982
2000,23,Qwen2.5-1.5B,0.3325,0.57859474
2000,23,Qwen2.5-3B,0.5075,0.73374736
2000,23,Qwen2.5-7B,0.6335,0.82089764
2000,23,deepseek-v3,0.7815,0.9211423
2000,23,gemma-2-2b,0.5245,0.7499844
2000,23,gemma-2-9b,0.6105,0.80344623
2000,23,llama3.1-405b,0.686,0.8596427
2000,23,llama3.3-70b,0.726,0.8905605
2000,23,mistral-large,0.73,0.8918484
2000,23,qwen2.5-72b,0.653,0.81107736
2000,24,Llama-3.1-8B,0.579,0.79222834
2000,24,Llama-3.2-1B,0.3015,0.5539553
2000,24,Llama-3.2-3B,0.4965,0.73489594
2000,24,Qwen2.5-0.5B,0.144,0.38267413
2000,24,Qwen2.5-1.5B,0.332,0.5755322
2000,24,Qwen2.5-3B,0.495,0.7269337
2000,24,Qwen2.5-7B,0.6065,0.813748
2000,24,deepseek-v3,0.7685,0.9164412
2000,24,gemma-2-2b,0.4935,0.73189616
2000,24,gemma-2-9b,0.6015,0.79909277
2000,24,llama3.1-405b,0.6915,0.85900146
2000,24,llama3.3-70b,0.7295,0.8896864
2000,24,mistral-large,0.7125,0.8845257
2000,24,qwen2.5-72b,0.6485,0.8206156
2000,25,Llama-3.1-8B,0.576,0.79285276
2000,25,Llama-3.2-1B,0.3115,0.5703813
2000,25,Llama-3.2-3B,0.502,0.74261135
2000,25,Qwen2.5-0.5B,0.1725,0.4028586
2000,25,Qwen2.5-1.5B,0.33,0.5860019
2000,25,Qwen2.5-3B,0.488,0.7249515
2000,25,Qwen2.5-7B,0.6085,0.8141158
2000,25,deepseek-v3,0.7605,0.91118896
2000,25,gemma-2-2b,0.4945,0.7362889
2000,25,gemma-2-9b,0.5955,0.7937755
2000,25,llama3.1-405b,0.6665,0.8492922
2000,25,llama3.3-70b,0.7025,0.8838474
2000,25,mistral-large,0.707,0.8838413
2000,25,qwen2.5-72b,0.631,0.8054743
2000,26,Llama-3.1-8B,0.5885,0.7934983
2000,26,Llama-3.2-1B,0.3265,0.57700104
2000,26,Llama-3.2-3B,0.5265,0.75425524
2000,26,Qwen2.5-0.5B,0.165,0.40496013
2000,26,Qwen2.5-1.5B,0.342,0.5831811
2000,26,Qwen2.5-3B,0.509,0.73461866
2000,26,Qwen2.5-7B,0.6195,0.81743616
2000,26,deepseek-v3,0.783,0.9187706
2000,26,gemma-2-2b,0.5235,0.7493719
2000,26,gemma-2-9b,0.617,0.8081086
2000,26,llama3.1-405b,0.7,0.86560935
2000,26,llama3.3-70b,0.7305,0.89152443
2000,26,mistral-large,0.7235,0.8901931
2000,26,qwen2.5-72b,0.653,0.81414205
2000,27,Llama-3.1-8B,0.573,0.7901583
2000,27,Llama-3.2-1B,0.314,0.5757885
2000,27,Llama-3.2-3B,0.5135,0.75488293
2000,27,Qwen2.5-0.5B,0.152,0.38878703
2000,27,Qwen2.5-1.5B,0.329,0.5836821
2000,27,Qwen2.5-3B,0.494,0.732903
2000,27,Qwen2.5-7B,0.5995,0.8118083
2000,27,deepseek-v3,0.765,0.9176366
2000,27,gemma-2-2b,0.5045,0.7343916
2000,27,gemma-2-9b,0.5955,0.7950502
2000,27,llama3.1-405b,0.689,0.86595833
2000,27,llama3.3-70b,0.7195,0.88987994
2000,27,mistral-large,0.712,0.8836559
2000,27,qwen2.5-72b,0.632,0.8081144
2000,28,Llama-3.1-8B,0.5825,0.8010392
2000,28,Llama-3.2-1B,0.3085,0.56500727
2000,28,Llama-3.2-3B,0.51,0.7513847
2000,28,Qwen2.5-0.5B,0.1685,0.40145448
2000,28,Qwen2.5-1.5B,0.3375,0.5908952
2000,28,Qwen2.5-3B,0.5015,0.7428158
2000,28,Qwen2.5-7B,0.607,0.8178451
2000,28,deepseek-v3,0.767,0.91626656
2000,28,gemma-2-2b,0.4915,0.7377222
2000,28,gemma-2-9b,0.5975,0.8015916
2000,28,llama3.1-405b,0.6925,0.8620678
2000,28,llama3.3-70b,0.727,0.8931122
2000,28,mistral-large,0.712,0.8898064
2000,28,qwen2.5-72b,0.6485,0.8190191
2000,29,Llama-3.1-8B,0.5845,0.7985739
2000,29,Llama-3.2-1B,0.315,0.56818247
2000,29,Llama-3.2-3B,0.523,0.7505693
2000,29,Qwen2.5-0.5B,0.1565,0.39180428
2000,29,Qwen2.5-1.5B,0.3155,0.5737883
2000,29,Qwen2.5-3B,0.5005,0.7321559
2000,29,Qwen2.5-7B,0.62,0.81894785
2000,29,deepseek-v3,0.7775,0.9185645
2000,29,gemma-2-2b,0.5095,0.7348514
2000,29,gemma-2-9b,0.6025,0.794329
2000,29,llama3.1-405b,0.699,0.86382127
2000,29,llama3.3-70b,0.7245,0.89398295
2000,29,mistral-large,0.72,0.89194643
2000,29,qwen2.5-72b,0.6465,0.81373703
2000,30,Llama-3.1-8B,0.592,0.80439705
2000,30,Llama-3.2-1B,0.3095,0.5717352
2000,30,Llama-3.2-3B,0.506,0.7487372
2000,30,Qwen2.5-0.5B,0.1685,0.40465307
2000,30,Qwen2.5-1.5B,0.3305,0.5764184
2000,30,Qwen2.5-3B,0.498,0.7312195
2000,30,Qwen2.5-7B,0.609,0.8135045
2000,30,deepseek-v3,0.7685,0.9172131
2000,30,gemma-2-2b,0.5065,0.7418944
2000,30,gemma-2-9b,0.603,0.8069439
2000,30,llama3.1-405b,0.693,0.86849993
2000,30,llama3.3-70b,0.7205,0.89047617
2000,30,mistral-large,0.715,0.8910445
2000,30,qwen2.5-72b,0.6475,0.81708103
2000,31,Llama-3.1-8B,0.584,0.7966162
2000,31,Llama-3.2-1B,0.3325,0.58211404
2000,31,Llama-3.2-3B,0.5235,0.7591538
2000,31,Qwen2.5-0.5B,0.166,0.39744174
2000,31,Qwen2.5-1.5B,0.336,0.58492786
2000,31,Qwen2.5-3B,0.512,0.7418427
2000,31,Qwen2.5-7B,0.6155,0.818266
2000,31,deepseek-v3,0.7685,0.912913
2000,31,gemma-2-2b,0.5185,0.7510079
2000,31,gemma-2-9b,0.608,0.80561614
2000,31,llama3.1-405b,0.699,0.8640491
2000,31,llama3.3-70b,0.7295,0.8909559
2000,31,mistral-large,0.7145,0.8854907
2000,31,qwen2.5-72b,0.6555,0.8184629
2000,32,Llama-3.1-8B,0.5815,0.801335
2000,32,Llama-3.2-1B,0.3125,0.57442445
2000,32,Llama-3.2-3B,0.499,0.74638647
2000,32,Qwen2.5-0.5B,0.1595,0.3970892
2000,32,Qwen2.5-1.5B,0.321,0.5793472
2000,32,Qwen2.5-3B,0.4905,0.73120403
2000,32,Qwen2.5-7B,0.61,0.8177346
2000,32,deepseek-v3,0.7615,0.91428655
2000,32,gemma-2-2b,0.5055,0.7416141
2000,32,gemma-2-9b,0.609,0.8062183
2000,32,llama3.1-405b,0.6895,0.8659587
2000,32,llama3.3-70b,0.719,0.88931316
2000,32,mistral-large,0.704,0.88501084
2000,32,qwen2.5-72b,0.645,0.8210188
2000,33,Llama-3.1-8B,0.5825,0.79637116
2000,33,Llama-3.2-1B,0.3015,0.56579375
2000,33,Llama-3.2-3B,0.515,0.75719583
2000,33,Qwen2.5-0.5B,0.1495,0.3958562
2000,33,Qwen2.5-1.5B,0.324,0.5868434
2000,33,Qwen2.5-3B,0.496,0.7364409
2000,33,Qwen2.5-7B,0.6195,0.8264878
2000,33,deepseek-v3,0.7665,0.9145682
2000,33,gemma-2-2b,0.5035,0.74247706
2000,33,gemma-2-9b,0.6055,0.8039591
2000,33,llama3.1-405b,0.6905,0.8606986
2000,33,llama3.3-70b,0.714,0.88821137
2000,33,mistral-large,0.722,0.891041
2000,33,qwen2.5-72b,0.6305,0.8119314
2000,34,Llama-3.1-8B,0.591,0.8027572
2000,34,Llama-3.2-1B,0.3195,0.57169956
2000,34,Llama-3.2-3B,0.523,0.75936437
2000,34,Qwen2.5-0.5B,0.1545,0.38896757
2000,34,Qwen2.5-1.5B,0.3295,0.58205426
2000,34,Qwen2.5-3B,0.5005,0.73024726
2000,34,Qwen2.5-7B,0.625,0.8169389
2000,34,deepseek-v3,0.776,0.9170808
2000,34,gemma-2-2b,0.5205,0.7474911
2000,34,gemma-2-9b,0.614,0.80618966
2000,34,llama3.1-405b,0.71,0.8694641
2000,34,llama3.3-70b,0.7415,0.89691645
2000,34,mistral-large,0.729,0.8922654
2000,34,qwen2.5-72b,0.646,0.8122247
2000,35,Llama-3.1-8B,0.5935,0.8011051
2000,35,Llama-3.2-1B,0.316,0.57919574
2000,35,Llama-3.2-3B,0.524,0.7529477
2000,35,Qwen2.5-0.5B,0.147,0.3938469
2000,35,Qwen2.5-1.5B,0.3295,0.58273
2000,35,Qwen2.5-3B,0.5,0.7379581
2000,35,Qwen2.5-7B,0.6205,0.81667423
2000,35,deepseek-v3,0.7795,0.9178908
2000,35,gemma-2-2b,0.519,0.7438684
2000,35,gemma-2-9b,0.602,0.79541403
2000,35,llama3.1-405b,0.71,0.8694159
2000,35,llama3.3-70b,0.7365,0.89369917
2000,35,mistral-large,0.729,0.89250237
2000,35,qwen2.5-72b,0.6435,0.81107116
2000,36,Llama-3.1-8B,0.5905,0.8032976
2000,36,Llama-3.2-1B,0.3185,0.5766756
2000,36,Llama-3.2-3B,0.518,0.75543344
2000,36,Qwen2.5-0.5B,0.1665,0.4029191
2000,36,Qwen2.5-1.5B,0.337,0.58398205
2000,36,Qwen2.5-3B,0.502,0.73293096
2000,36,Qwen2.5-7B,0.613,0.8106216
2000,36,deepseek-v3,0.768,0.9132405
2000,36,gemma-2-2b,0.5055,0.7388924
2000,36,gemma-2-9b,0.6085,0.800704
2000,36,llama3.1-405b,0.7015,0.86983746
2000,36,llama3.3-70b,0.729,0.8919095
2000,36,mistral-large,0.706,0.8826896
2000,36,qwen2.5-72b,0.6355,0.8083752
2000,37,Llama-3.1-8B,0.5585,0.7890731
2000,37,Llama-3.2-1B,0.31,0.5576489
2000,37,Llama-3.2-3B,0.4965,0.7392677
2000,37,Qwen2.5-0.5B,0.1485,0.39186385
2000,37,Qwen2.5-1.5B,0.3385,0.58888906
2000,37,Qwen2.5-3B,0.4865,0.72508967
2000,37,Qwen2.5-7B,0.593,0.8039625
2000,37,deepseek-v3,0.7585,0.91190875
2000,37,gemma-2-2b,0.4815,0.7308726
2000,37,gemma-2-9b,0.596,0.79736304
2000,37,llama3.1-405b,0.6805,0.8587661
2000,37,llama3.3-70b,0.711,0.88700676
2000,37,mistral-large,0.7,0.8848942
2000,37,qwen2.5-72b,0.629,0.80820376
2000,38,Llama-3.1-8B,0.5795,0.7934161
2000,38,Llama-3.2-1B,0.315,0.57321346
2000,38,Llama-3.2-3B,0.508,0.7493232
2000,38,Qwen2.5-0.5B,0.169,0.40723634
2000,38,Qwen2.5-1.5B,0.3395,0.585139
2000,38,Qwen2.5-3B,0.4835,0.7316699
2000,38,Qwen2.5-7B,0.621,0.821944
2000,38,deepseek-v3,0.7575,0.9125107
2000,38,gemma-2-2b,0.4975,0.7365093
2000,38,gemma-2-9b,0.598,0.79891574
2000,38,llama3.1-405b,0.68,0.858141
2000,38,llama3.3-70b,0.703,0.8845869
2000,38,mistral-large,0.703,0.88316077
2000,38,qwen2.5-72b,0.637,0.810584
2000,39,Llama-3.1-8B,0.5825,0.8018858
2000,39,Llama-3.2-1B,0.3175,0.5721984
2000,39,Llama-3.2-3B,0.524,0.7553954
2000,39,Qwen2.5-0.5B,0.1655,0.39647645
2000,39,Qwen2.5-1.5B,0.3345,0.5855799
2000,39,Qwen2.5-3B,0.489,0.7285715
2000,39,Qwen2.5-7B,0.602,0.80830395
2000,39,deepseek-v3,0.7805,0.9224677
2000,39,gemma-2-2b,0.508,0.74818057
2000,39,gemma-2-9b,0.6115,0.8122627
2000,39,llama3.1-405b,0.702,0.87115127
2000,39,llama3.3-70b,0.7145,0.88755727
2000,39,mistral-large,0.7175,0.88972473
2000,39,qwen2.5-72b,0.634,0.8089265
2000,40,Llama-3.1-8B,0.5855,0.7987479
2000,40,Llama-3.2-1B,0.3005,0.56115484
2000,40,Llama-3.2-3B,0.515,0.7521072
2000,40,Qwen2.5-0.5B,0.155,0.38959572
2000,40,Qwen2.5-1.5B,0.3255,0.57483363
2000,40,Qwen2.5-3B,0.495,0.7345464
2000,40,Qwen2.5-7B,0.608,0.8162503
2000,40,deepseek-v3,0.7695,0.9166953
2000,40,gemma-2-2b,0.5035,0.73756427
2000,40,gemma-2-9b,0.615,0.8037178
2000,40,llama3.1-405b,0.696,0.865388
2000,40,llama3.3-70b,0.72,0.88353074
2000,40,mistral-large,0.7105,0.88080853
2000,40,qwen2.5-72b,0.631,0.8129099
2000,41,Llama-3.1-8B,0.574,0.7894238
2000,41,Llama-3.2-1B,0.306,0.55961883
2000,41,Llama-3.2-3B,0.5035,0.7406253
2000,41,Qwen2.5-0.5B,0.165,0.39421934
2000,41,Qwen2.5-1.5B,0.322,0.5746216
2000,41,Qwen2.5-3B,0.484,0.71808547
2000,41,Qwen2.5-7B,0.6025,0.81157565
2000,41,deepseek-v3,0.7575,0.91124743
2000,41,gemma-2-2b,0.4975,0.7347316
2000,41,gemma-2-9b,0.594,0.7924989
2000,41,llama3.1-405b,0.6795,0.85810685
2000,41,llama3.3-70b,0.7085,0.88650465
2000,41,mistral-large,0.7125,0.88559425
2000,41,qwen2.5-72b,0.641,0.8172205
2000,42,Llama-3.1-8B,0.575,0.7939015
2000,42,Llama-3.2-1B,0.3075,0.56628156
2000,42,Llama-3.2-3B,0.5075,0.74397606
2000,42,Qwen2.5-0.5B,0.1525,0.39125302
2000,42,Qwen2.5-1.5B,0.336,0.5820915
2000,42,Qwen2.5-3B,0.502,0.73842734
2000,42,Qwen2.5-7B,0.601,0.81009376
2000,42,deepseek-v3,0.7555,0.9100931
2000,42,gemma-2-2b,0.502,0.73602027
2000,42,gemma-2-9b,0.5895,0.7925486
2000,42,llama3.1-405b,0.68,0.85622984
2000,42,llama3.3-70b,0.7055,0.8827746
2000,42,mistral-large,0.7065,0.88282144
2000,42,qwen2.5-72b,0.63,0.8077728
2000,43,Llama-3.1-8B,0.5645,0.7954468
2000,43,Llama-3.2-1B,0.307,0.5682418
2000,43,Llama-3.2-3B,0.501,0.7514775
2000,43,Qwen2.5-0.5B,0.1575,0.39817318
2000,43,Qwen2.5-1.5B,0.334,0.58142203
2000,43,Qwen2.5-3B,0.495,0.73477423
2000,43,Qwen2.5-7B,0.5995,0.81328386
2000,43,deepseek-v3,0.766,0.9148499
2000,43,gemma-2-2b,0.501,0.750196
2000,43,gemma-2-9b,0.604,0.80558574
2000,43,llama3.1-405b,0.6845,0.86451024
2000,43,llama3.3-70b,0.7115,0.8878697
2000,43,mistral-large,0.7115,0.890035
2000,43,qwen2.5-72b,0.64,0.81824213
2000,44,Llama-3.1-8B,0.5845,0.80656826
2000,44,Llama-3.2-1B,0.3115,0.5671101
2000,44,Llama-3.2-3B,0.519,0.75596607
2000,44,Qwen2.5-0.5B,0.159,0.40792927
2000,44,Qwen2.5-1.5B,0.3345,0.5947066
2000,44,Qwen2.5-3B,0.5025,0.74675846
2000,44,Qwen2.5-7B,0.6295,0.8351916
2000,44,deepseek-v3,0.7675,0.9162373
2000,44,gemma-2-2b,0.519,0.75642186
2000,44,gemma-2-9b,0.6085,0.80839425
2000,44,llama3.1-405b,0.7125,0.8774859
2000,44,llama3.3-70b,0.7325,0.8987589
2000,44,mistral-large,0.728,0.89866126
2000,44,qwen2.5-72b,0.6485,0.8275275
2000,45,Llama-3.1-8B,0.6095,0.8143662
2000,45,Llama-3.2-1B,0.3255,0.57923144
2000,45,Llama-3.2-3B,0.526,0.7577511
2000,45,Qwen2.5-0.5B,0.1665,0.40257815
2000,45,Qwen2.5-1.5B,0.339,0.58842766
2000,45,Qwen2.5-3B,0.5015,0.7373154
2000,45,Qwen2.5-7B,0.616,0.8241452
2000,45,deepseek-v3,0.7865,0.92117566
2000,45,gemma-2-2b,0.533,0.7596499
2000,45,gemma-2-9b,0.627,0.81482476
2000,45,llama3.1-405b,0.711,0.8725475
2000,45,llama3.3-70b,0.7355,0.89510274
2000,45,mistral-large,0.739,0.89693826
2000,45,qwen2.5-72b,0.66,0.82431877
2000,46,Llama-3.1-8B,0.5765,0.79274017
2000,46,Llama-3.2-1B,0.312,0.5683614
2000,46,Llama-3.2-3B,0.518,0.7440472
2000,46,Qwen2.5-0.5B,0.159,0.3982324
2000,46,Qwen2.5-1.5B,0.334,0.5796811
2000,46,Qwen2.5-3B,0.49,0.7292682
2000,46,Qwen2.5-7B,0.6165,0.8210256
2000,46,deepseek-v3,0.772,0.9182335
2000,46,gemma-2-2b,0.5175,0.7419332
2000,46,gemma-2-9b,0.6005,0.79814225
2000,46,llama3.1-405b,0.681,0.8565564
2000,46,llama3.3-70b,0.703,0.88014305
2000,46,mistral-large,0.7185,0.8885007
2000,46,qwen2.5-72b,0.641,0.81254995
2000,47,Llama-3.1-8B,0.5795,0.797776
2000,47,Llama-3.2-1B,0.307,0.57615083
2000,47,Llama-3.2-3B,0.525,0.7590999
2000,47,Qwen2.5-0.5B,0.148,0.39115238
2000,47,Qwen2.5-1.5B,0.3405,0.5806826
2000,47,Qwen2.5-3B,0.501,0.73345023
2000,47,Qwen2.5-7B,0.6065,0.8132415
2000,47,deepseek-v3,0.7585,0.91139483
2000,47,gemma-2-2b,0.5045,0.74090904
2000,47,gemma-2-9b,0.59,0.7955989
2000,47,llama3.1-405b,0.672,0.8552712
2000,47,llama3.3-70b,0.714,0.88802004
2000,47,mistral-large,0.702,0.88216376
2000,47,qwen2.5-72b,0.6335,0.8105585
2000,48,Llama-3.1-8B,0.59,0.8034764
2000,48,Llama-3.2-1B,0.315,0.5800469
2000,48,Llama-3.2-3B,0.518,0.7517845
2000,48,Qwen2.5-0.5B,0.1685,0.40362573
2000,48,Qwen2.5-1.5B,0.332,0.5827221
2000,48,Qwen2.5-3B,0.5075,0.74174446
2000,48,Qwen2.5-7B,0.6115,0.81877023
2000,48,deepseek-v3,0.7645,0.91428477
2000,48,gemma-2-2b,0.5055,0.74458396
2000,48,gemma-2-9b,0.6065,0.8055864
2000,48,llama3.1-405b,0.669,0.85239583
2000,48,llama3.3-70b,0.7115,0.8860524
2000,48,mistral-large,0.7105,0.887859
2000,48,qwen2.5-72b,0.642,0.8127909
2000,49,Llama-3.1-8B,0.592,0.8057782
2000,49,Llama-3.2-1B,0.317,0.5775974
2000,49,Llama-3.2-3B,0.5285,0.7581243
2000,49,Qwen2.5-0.5B,0.162,0.40267947
2000,49,Qwen2.5-1.5B,0.333,0.585526
2000,49,Qwen2.5-3B,0.5145,0.742373
2000,49,Qwen2.5-7B,0.634,0.82368505
2000,49,deepseek-v3,0.777,0.9193821
2000,49,gemma-2-2b,0.518,0.74874073
2000,49,gemma-2-9b,0.6095,0.8041802
2000,49,llama3.1-405b,0.7005,0.8685415
2000,49,llama3.3-70b,0.728,0.89127654
2000,49,mistral-large,0.724,0.88984925
2000,49,qwen2.5-72b,0.644,0.8152494
3000,0,Llama-3.1-8B,0.58633333,0.7971028
3000,0,Llama-3.2-1B,0.32,0.5596441
3000,0,Llama-3.2-3B,0.529,0.75605565
3000,0,Qwen2.5-0.5B,0.15933333,0.3931475
3000,0,Qwen2.5-1.5B,0.342,0.58400357
3000,0,Qwen2.5-3B,0.5,0.7332184
3000,0,Qwen2.5-7B,0.6193333,0.8164738
3000,0,deepseek-v3,0.769,0.91529363
3000,0,gemma-2-2b,0.521,0.7464122
3000,0,gemma-2-9b,0.606,0.80292803
3000,0,llama3.1-405b,0.6996667,0.86833495
3000,0,llama3.3-70b,0.72366667,0.89205664
3000,0,mistral-large,0.727,0.8930989
3000,0,qwen2.5-72b,0.65066665,0.81950974
3000,1,Llama-3.1-8B,0.5876667,0.80123293
3000,1,Llama-3.2-1B,0.31766668,0.57912433
3000,1,Llama-3.2-3B,0.51766664,0.75198746
3000,1,Qwen2.5-0.5B,0.15833333,0.39868858
3000,1,Qwen2.5-1.5B,0.32866666,0.5798224
3000,1,Qwen2.5-3B,0.495,0.7303876
3000,1,Qwen2.5-7B,0.61766666,0.8176203
3000,1,deepseek-v3,0.764,0.9137429
3000,1,gemma-2-2b,0.506,0.7428605
3000,1,gemma-2-9b,0.60466665,0.8015025
3000,1,llama3.1-405b,0.692,0.8642229
3000,1,llama3.3-70b,0.717,0.8876672
3000,1,mistral-large,0.71466666,0.8871333
3000,1,qwen2.5-72b,0.63633335,0.8111464
3000,2,Llama-3.1-8B,0.59166664,0.80624616
3000,2,Llama-3.2-1B,0.315,0.5679637
3000,2,Llama-3.2-3B,0.514,0.7495192
3000,2,Qwen2.5-0.5B,0.16033334,0.39367238
3000,2,Qwen2.5-1.5B,0.334,0.5815966
3000,2,Qwen2.5-3B,0.5006667,0.7311693
3000,2,Qwen2.5-7B,0.618,0.8197269
3000,2,deepseek-v3,0.782,0.9187965
3000,2,gemma-2-2b,0.51166666,0.7434019
3000,2,gemma-2-9b,0.605,0.80121243
3000,2,llama3.1-405b,0.691,0.8634548
3000,2,llama3.3-70b,0.73,0.8921203
3000,2,mistral-large,0.72366667,0.89020693
3000,2,qwen2.5-72b,0.65133333,0.8172387
3000,3,Llama-3.1-8B,0.5966667,0.80393183
3000,3,Llama-3.2-1B,0.33633333,0.5868748
3000,3,Llama-3.2-3B,0.5313333,0.7614253
3000,3,Qwen2.5-0.5B,0.16466667,0.39993098
3000,3,Qwen2.5-1.5B,0.343,0.5913235
3000,3,Qwen2.5-3B,0.5003333,0.7323747
3000,3,Qwen2.5-7B,0.62366664,0.8176464
3000,3,deepseek-v3,0.772,0.91656965
3000,3,gemma-2-2b,0.5196667,0.75003695
3000,3,gemma-2-9b,0.6156667,0.8052399
3000,3,llama3.1-405b,0.69366664,0.86270803
3000,3,llama3.3-70b,0.72566664,0.88840383
3000,3,mistral-large,0.73233336,0.89384764
3000,3,qwen2.5-72b,0.65,0.8145055
3000,4,Llama-3.1-8B,0.5786667,0.7984543
3000,4,Llama-3.2-1B,0.31433332,0.5732634
3000,4,Llama-3.2-3B,0.5133333,0.7496175
3000,4,Qwen2.5-0.5B,0.16233334,0.39843202
3000,4,Qwen2.5-1.5B,0.33766666,0.58660984
3000,4,Qwen2.5-3B,0.512,0.7395237
3000,4,Qwen2.5-7B,0.6163333,0.8172797
3000,4,deepseek-v3,0.7683333,0.9143712
3000,4,gemma-2-2b,0.5093333,0.74339485
3000,4,gemma-2-9b,0.60466665,0.803313
3000,4,llama3.1-405b,0.6943333,0.8641896
3000,4,llama3.3-70b,0.72433335,0.8900655
3000,4,mistral-large,0.7176667,0.8880963
3000,4,qwen2.5-72b,0.64966667,0.81949884
3000,5,Llama-3.1-8B,0.5783333,0.8016832
3000,5,Llama-3.2-1B,0.319,0.57684654
3000,5,Llama-3.2-3B,0.511,0.75022167
3000,5,Qwen2.5-0.5B,0.15666667,0.39306644
3000,5,Qwen2.5-1.5B,0.33366665,0.5827217
3000,5,Qwen2.5-3B,0.5003333,0.7396073
3000,5,Qwen2.5-7B,0.60733336,0.8175134
3000,5,deepseek-v3,0.759,0.9145759
3000,5,gemma-2-2b,0.509,0.74213564
3000,5,gemma-2-9b,0.60066664,0.80193955
3000,5,llama3.1-405b,0.68,0.86081
3000,5,llama3.3-70b,0.717,0.89245665
3000,5,mistral-large,0.71533334,0.8913499
3000,5,qwen2.5-72b,0.641,0.8132954
3000,6,Llama-3.1-8B,0.584,0.7977516
3000,6,Llama-3.2-1B,0.32,0.5768734
3000,6,Llama-3.2-3B,0.5236667,0.75226337
3000,6,Qwen2.5-0.5B,0.15766667,0.3891357
3000,6,Qwen2.5-1.5B,0.32966667,0.58079976
3000,6,Qwen2.5-3B,0.49133334,0.72875464
3000,6,Qwen2.5-7B,0.61,0.81404257
3000,6,deepseek-v3,0.764,0.91215634
3000,6,gemma-2-2b,0.5083333,0.73657644
3000,6,gemma-2-9b,0.60866666,0.8036602
3000,6,llama3.1-405b,0.6843333,0.85468036
3000,6,llama3.3-70b,0.7176667,0.88454425
3000,6,mistral-large,0.71166664,0.8831587
3000,6,qwen2.5-72b,0.6383333,0.81018424
3000,7,Llama-3.1-8B,0.58133334,0.7982976
3000,7,Llama-3.2-1B,0.31233335,0.5742079
3000,7,Llama-3.2-3B,0.521,0.7518886
3000,7,Qwen2.5-0.5B,0.165,0.40030527
3000,7,Qwen2.5-1.5B,0.33633333,0.58616763
3000,7,Qwen2.5-3B,0.50166667,0.7340239
3000,7,Qwen2.5-7B,0.61333334,0.8140188
3000,7,deepseek-v3,0.76,0.91521305
3000,7,gemma-2-2b,0.5056667,0.73825115
3000,7,gemma-2-9b,0.60566664,0.8036514
3000,7,llama3.1-405b,0.6853333,0.8613369
3000,7,llama3.3-70b,0.7223333,0.8916154
3000,7,mistral-large,0.7163333,0.8899833
3000,7,qwen2.5-72b,0.638,0.8131122
3000,8,Llama-3.1-8B,0.58033335,0.80241317
3000,8,Llama-3.2-1B,0.31433332,0.5721828
3000,8,Llama-3.2-3B,0.51066667,0.7517602
3000,8,Qwen2.5-0.5B,0.15033333,0.3876877
3000,8,Qwen2.5-1.5B,0.33333334,0.5801786
3000,8,Qwen2.5-3B,0.49466667,0.7313506
3000,8,Qwen2.5-7B,0.61266667,0.81557363
3000,8,deepseek-v3,0.77433336,0.9153155
3000,8,gemma-2-2b,0.51133335,0.74987173
3000,8,gemma-2-9b,0.607,0.8093289
3000,8,llama3.1-405b,0.70033336,0.8680364
3000,8,llama3.3-70b,0.72966665,0.89472646
3000,8,mistral-large,0.7133333,0.8874955
3000,8,qwen2.5-72b,0.63633335,0.80903864
3000,9,Llama-3.1-8B,0.5826667,0.7985209
3000,9,Llama-3.2-1B,0.31666666,0.57726467
3000,9,Llama-3.2-3B,0.51033336,0.7454742
3000,9,Qwen2.5-0.5B,0.16133334,0.39076146
3000,9,Qwen2.5-1.5B,0.33033332,0.5759957
3000,9,Qwen2.5-3B,0.5006667,0.73240256
3000,9,Qwen2.5-7B,0.611,0.8118734
3000,9,deepseek-v3,0.77033335,0.9146828
3000,9,gemma-2-2b,0.51666665,0.74036264
3000,9,gemma-2-9b,0.6053333,0.7989946
3000,9,llama3.1-405b,0.68866664,0.85971856
3000,9,llama3.3-70b,0.71933335,0.8856262
3000,9,mistral-large,0.722,0.89036816
3000,9,qwen2.5-72b,0.64033335,0.8119056
3000,10,Llama-3.1-8B,0.58466667,0.8004179
3000,10,Llama-3.2-1B,0.31466666,0.57272446
3000,10,Llama-3.2-3B,0.5186667,0.75512046
3000,10,Qwen2.5-0.5B,0.14733334,0.38646317
3000,10,Qwen2.5-1.5B,0.334,0.584165
3000,10,Qwen2.5-3B,0.49533334,0.73177797
3000,10,Qwen2.5-7B,0.6113333,0.8182198
3000,10,deepseek-v3,0.759,0.91281545
3000,10,gemma-2-2b,0.508,0.74533546
3000,10,gemma-2-9b,0.60333335,0.8050539
3000,10,llama3.1-405b,0.69,0.86239576
3000,10,llama3.3-70b,0.716,0.8860863
3000,10,mistral-large,0.718,0.888728
3000,10,qwen2.5-72b,0.64566666,0.8171864
3000,11,Llama-3.1-8B,0.585,0.80064046
3000,11,Llama-3.2-1B,0.31766668,0.57106614
3000,11,Llama-3.2-3B,0.51766664,0.75143784
3000,11,Qwen2.5-0.5B,0.167,0.39800683
3000,11,Qwen2.5-1.5B,0.33566666,0.5844651
3000,11,Qwen2.5-3B,0.497,0.73358446
3000,11,Qwen2.5-7B,0.6196667,0.81960034
3000,11,deepseek-v3,0.77166665,0.91763633
3000,11,gemma-2-2b,0.5096667,0.743618
3000,11,gemma-2-9b,0.6113333,0.8058563
3000,11,llama3.1-405b,0.69733334,0.8667177
3000,11,llama3.3-70b,0.73366666,0.89456487
3000,11,mistral-large,0.725,0.8935529
3000,11,qwen2.5-72b,0.644,0.81539935
3000,12,Llama-3.1-8B,0.576,0.7934633
3000,12,Llama-3.2-1B,0.31333333,0.5665036
3000,12,Llama-3.2-3B,0.505,0.74513197
3000,12,Qwen2.5-0.5B,0.156,0.3873072
3000,12,Qwen2.5-1.5B,0.33133334,0.57991016
3000,12,Qwen2.5-3B,0.497,0.72908396
3000,12,Qwen2.5-7B,0.60966665,0.8117032
3000,12,deepseek-v3,0.768,0.91499823
3000,12,gemma-2-2b,0.498,0.7300717
3000,12,gemma-2-9b,0.58966666,0.791844
3000,12,llama3.1-405b,0.67866665,0.8543967
3000,12,llama3.3-70b,0.71466666,0.8850524
3000,12,mistral-large,0.702,0.88161117
3000,12,qwen2.5-72b,0.63766664,0.80638295
3000,13,Llama-3.1-8B,0.5833333,0.79827183
3000,13,Llama-3.2-1B,0.31133333,0.57123274
3000,13,Llama-3.2-3B,0.5173333,0.75133455
3000,13,Qwen2.5-0.5B,0.14833333,0.39125258
3000,13,Qwen2.5-1.5B,0.32866666,0.58141047
3000,13,Qwen2.5-3B,0.49766666,0.736632
3000,13,Qwen2.5-7B,0.62333333,0.8243437
3000,13,deepseek-v3,0.77433336,0.9172241
3000,13,gemma-2-2b,0.514,0.74845654
3000,13,gemma-2-9b,0.60466665,0.8032534
3000,13,llama3.1-405b,0.689,0.8617176
3000,13,llama3.3-70b,0.71566665,0.88820595
3000,13,mistral-large,0.717,0.88778305
3000,13,qwen2.5-72b,0.64933336,0.81865805
3000,14,Llama-3.1-8B,0.5823333,0.7997213
3000,14,Llama-3.2-1B,0.31433332,0.5688972
3000,14,Llama-3.2-3B,0.506,0.74293
3000,14,Qwen2.5-0.5B,0.16066666,0.38752046
3000,14,Qwen2.5-1.5B,0.33033332,0.5797456
3000,14,Qwen2.5-3B,0.49866667,0.72704256
3000,14,Qwen2.5-7B,0.6113333,0.8149795
3000,14,deepseek-v3,0.77933335,0.9190721
3000,14,gemma-2-2b,0.503,0.74387413
3000,14,gemma-2-9b,0.613,0.80885154
3000,14,llama3.1-405b,0.693,0.86260253
3000,14,llama3.3-70b,0.729,0.89361304
3000,14,mistral-large,0.7183333,0.88983285
3000,14,qwen2.5-72b,0.6393333,0.8072448
3000,15,Llama-3.1-8B,0.585,0.8023421
3000,15,Llama-3.2-1B,0.31233335,0.5739745
3000,15,Llama-3.2-3B,0.52033335,0.7500265
3000,15,Qwen2.5-0.5B,0.161,0.38791898
3000,15,Qwen2.5-1.5B,0.329,0.5766469
3000,15,Qwen2.5-3B,0.5043333,0.7324305
3000,15,Qwen2.5-7B,0.62133336,0.8176769
3000,15,deepseek-v3,0.78,0.9195684
3000,15,gemma-2-2b,0.523,0.7486714
3000,15,gemma-2-9b,0.61266667,0.80522233
3000,15,llama3.1-405b,0.69733334,0.86730224
3000,15,llama3.3-70b,0.722,0.89155215
3000,15,mistral-large,0.7173333,0.8896359
3000,15,qwen2.5-72b,0.6476667,0.81730306
3000,16,Llama-3.1-8B,0.58066666,0.80036485
3000,16,Llama-3.2-1B,0.305,0.5648106
3000,16,Llama-3.2-3B,0.5083333,0.75267804
3000,16,Qwen2.5-0.5B,0.16466667,0.39485514
3000,16,Qwen2.5-1.5B,0.32666665,0.5811034
3000,16,Qwen2.5-3B,0.496,0.73208284
3000,16,Qwen2.5-7B,0.61733335,0.81635284
3000,16,deepseek-v3,0.76066667,0.9118566
3000,16,gemma-2-2b,0.503,0.7398113
3000,16,gemma-2-9b,0.5936667,0.79479986
3000,16,llama3.1-405b,0.68733335,0.8643366
3000,16,llama3.3-70b,0.71533334,0.8865437
3000,16,mistral-large,0.7046667,0.88495606
3000,16,qwen2.5-72b,0.63666666,0.8143244
3000,17,Llama-3.1-8B,0.573,0.79184026
3000,17,Llama-3.2-1B,0.31533334,0.57121027
3000,17,Llama-3.2-3B,0.51666665,0.7523596
3000,17,Qwen2.5-0.5B,0.15666667,0.39760208
3000,17,Qwen2.5-1.5B,0.323,0.5761398
3000,17,Qwen2.5-3B,0.49466667,0.731515
3000,17,Qwen2.5-7B,0.607,0.8126753
3000,17,deepseek-v3,0.7646667,0.9145792
3000,17,gemma-2-2b,0.5083333,0.73863226
3000,17,gemma-2-9b,0.60333335,0.8002144
3000,17,llama3.1-405b,0.68666667,0.8585292
3000,17,llama3.3-70b,0.71433336,0.8862849
3000,17,mistral-large,0.7163333,0.8878065
3000,17,qwen2.5-72b,0.62666667,0.80487055
3000,18,Llama-3.1-8B,0.5883333,0.7983378
3000,18,Llama-3.2-1B,0.31633332,0.57725364
3000,18,Llama-3.2-3B,0.51533335,0.7461878
3000,18,Qwen2.5-0.5B,0.16566667,0.39712778
3000,18,Qwen2.5-1.5B,0.32833335,0.5785474
3000,18,Qwen2.5-3B,0.49366668,0.7318889
3000,18,Qwen2.5-7B,0.6166667,0.81633914
3000,18,deepseek-v3,0.76266664,0.9137315
3000,18,gemma-2-2b,0.50266665,0.7393854
3000,18,gemma-2-9b,0.60466665,0.8013154
3000,18,llama3.1-405b,0.692,0.86219287
3000,18,llama3.3-70b,0.722,0.88993734
3000,18,mistral-large,0.714,0.88825643
3000,18,qwen2.5-72b,0.64266664,0.8110721
3000,19,Llama-3.1-8B,0.58,0.79707545
3000,19,Llama-3.2-1B,0.30266666,0.56166726
3000,19,Llama-3.2-3B,0.5136667,0.7516112
3000,19,Qwen2.5-0.5B,0.155,0.39335164
3000,19,Qwen2.5-1.5B,0.33566666,0.5830481
3000,19,Qwen2.5-3B,0.502,0.7346977
3000,19,Qwen2.5-7B,0.6153333,0.8154818
3000,19,deepseek-v3,0.7683333,0.9161827
3000,19,gemma-2-2b,0.50733334,0.7433059
3000,19,gemma-2-9b,0.606,0.80433124
3000,19,llama3.1-405b,0.68866664,0.86130166
3000,19,llama3.3-70b,0.723,0.8924122
3000,19,mistral-large,0.72466666,0.8909121
3000,19,qwen2.5-72b,0.6486667,0.8159115
3000,20,Llama-3.1-8B,0.5966667,0.8023585
3000,20,Llama-3.2-1B,0.31933334,0.5777031
3000,20,Llama-3.2-3B,0.522,0.75623745
3000,20,Qwen2.5-0.5B,0.15866667,0.3962203
3000,20,Qwen2.5-1.5B,0.335,0.5881253
3000,20,Qwen2.5-3B,0.5046667,0.73765063
3000,20,Qwen2.5-7B,0.623,0.8226866
3000,20,deepseek-v3,0.776,0.919583
3000,20,gemma-2-2b,0.5196667,0.74716854
3000,20,gemma-2-9b,0.612,0.8049635
3000,20,llama3.1-405b,0.70166665,0.8652697
3000,20,llama3.3-70b,0.73466665,0.8955515
3000,20,mistral-large,0.72833335,0.8939728
3000,20,qwen2.5-72b,0.652,0.8172536
3000,21,Llama-3.1-8B,0.57633334,0.79436105
3000,21,Llama-3.2-1B,0.30633333,0.5691049
3000,21,Llama-3.2-3B,0.5046667,0.74864143
3000,21,Qwen2.5-0.5B,0.15933333,0.39031422
3000,21,Qwen2.5-1.5B,0.33166668,0.58209723
3000,21,Qwen2.5-3B,0.494,0.73125684
3000,21,Qwen2.5-7B,0.61433333,0.8163209
3000,21,deepseek-v3,0.7736667,0.9191776
3000,21,gemma-2-2b,0.5086667,0.7422227
3000,21,gemma-2-9b,0.59533334,0.80027866
3000,21,llama3.1-405b,0.691,0.86234516
3000,21,llama3.3-70b,0.72366667,0.89214045
3000,21,mistral-large,0.72,0.891602
3000,21,qwen2.5-72b,0.639,0.81287384
3000,22,Llama-3.1-8B,0.58966666,0.80261785
3000,22,Llama-3.2-1B,0.31733334,0.571658
3000,22,Llama-3.2-3B,0.52433336,0.7535452
3000,22,Qwen2.5-0.5B,0.15633333,0.38802117
3000,22,Qwen2.5-1.5B,0.33433333,0.5753619
3000,22,Qwen2.5-3B,0.501,0.7320354
3000,22,Qwen2.5-7B,0.616,0.8206053
3000,22,deepseek-v3,0.7673333,0.913034
3000,22,gemma-2-2b,0.5143333,0.7437497
3000,22,gemma-2-9b,0.608,0.80021656
3000,22,llama3.1-405b,0.7,0.86720955
3000,22,llama3.3-70b,0.7223333,0.88760895
3000,22,mistral-large,0.72033334,0.8890338
3000,22,qwen2.5-72b,0.644,0.81198764
3000,23,Llama-3.1-8B,0.5923333,0.8019667
3000,23,Llama-3.2-1B,0.31233335,0.5728128
3000,23,Llama-3.2-3B,0.5233333,0.7514541
3000,23,Qwen2.5-0.5B,0.15933333,0.39257812
3000,23,Qwen2.5-1.5B,0.33666667,0.5806225
3000,23,Qwen2.5-3B,0.5043333,0.73914325
3000,23,Qwen2.5-7B,0.6153333,0.8170145
3000,23,deepseek-v3,0.77166665,0.9181978
3000,23,gemma-2-2b,0.5146667,0.7436692
3000,23,gemma-2-9b,0.60933334,0.80858666
3000,23,llama3.1-405b,0.692,0.8634475
3000,23,llama3.3-70b,0.7263333,0.89277476
3000,23,mistral-large,0.717,0.8892774
3000,23,qwen2.5-72b,0.6423333,0.8087662
3000,24,Llama-3.1-8B,0.579,0.79493564
3000,24,Llama-3.2-1B,0.32266667,0.58063275
3000,24,Llama-3.2-3B,0.5226667,0.75726694
3000,24,Qwen2.5-0.5B,0.16133334,0.3946943
3000,24,Qwen2.5-1.5B,0.32833335,0.5773761
3000,24,Qwen2.5-3B,0.49633333,0.730724
3000,24,Qwen2.5-7B,0.62233335,0.81581736
3000,24,deepseek-v3,0.77533334,0.91838914
3000,24,gemma-2-2b,0.50666666,0.7415118
3000,24,gemma-2-9b,0.60733336,0.7985834
3000,24,llama3.1-405b,0.6906667,0.8615419
3000,24,llama3.3-70b,0.721,0.89049274
3000,24,mistral-large,0.7216667,0.88891864
3000,24,qwen2.5-72b,0.64433336,0.8109292
3000,25,Llama-3.1-8B,0.594,0.8081355
3000,25,Llama-3.2-1B,0.324,0.5813567
3000,25,Llama-3.2-3B,0.5283333,0.76322055
3000,25,Qwen2.5-0.5B,0.16266666,0.4016931
3000,25,Qwen2.5-1.5B,0.34066668,0.5871909
3000,25,Qwen2.5-3B,0.49133334,0.7294931
3000,25,Qwen2.5-7B,0.6116667,0.81567276
3000,25,deepseek-v3,0.778,0.9198714
3000,25,gemma-2-2b,0.51033336,0.7471126
3000,25,gemma-2-9b,0.60366666,0.8010791
3000,25,llama3.1-405b,0.70066667,0.86766285
3000,25,llama3.3-70b,0.719,0.88883567
3000,25,mistral-large,0.72033334,0.89014035
3000,25,qwen2.5-72b,0.6476667,0.8145554
3000,26,Llama-3.1-8B,0.589,0.8046048
3000,26,Llama-3.2-1B,0.30533335,0.57103306
3000,26,Llama-3.2-3B,0.522,0.76075983
3000,26,Qwen2.5-0.5B,0.16233334,0.39967147
3000,26,Qwen2.5-1.5B,0.338,0.58806694
3000,26,Qwen2.5-3B,0.495,0.73410606
3000,26,Qwen2.5-7B,0.6203333,0.8202356
3000,26,deepseek-v3,0.76533335,0.91548145
3000,26,gemma-2-2b,0.51633334,0.75097126
3000,26,gemma-2-9b,0.6113333,0.8044869
3000,26,llama3.1-405b,0.703,0.865599
3000,26,llama3.3-70b,0.73233336,0.89267296
3000,26,mistral-large,0.7176667,0.88902444
3000,26,qwen2.5-72b,0.653,0.82125247
3000,27,Llama-3.1-8B,0.58533335,0.7991113
3000,27,Llama-3.2-1B,0.31833333,0.5715794
3000,27,Llama-3.2-3B,0.51133335,0.7472331
3000,27,Qwen2.5-0.5B,0.158,0.38675994
3000,27,Qwen2.5-1.5B,0.32166666,0.5695069
3000,27,Qwen2.5-3B,0.49366668,0.732063
3000,27,Qwen2.5-7B,0.61233336,0.820208
3000,27,deepseek-v3,0.771,0.916788
3000,27,gemma-2-2b,0.50633335,0.74207807
3000,27,gemma-2-9b,0.60833335,0.80441946
3000,27,llama3.1-405b,0.704,0.8680173
3000,27,llama3.3-70b,0.7226667,0.89059854
3000,27,mistral-large,0.716,0.8875777
3000,27,qwen2.5-72b,0.65,0.81602764
3000,28,Llama-3.1-8B,0.5796667,0.7973606
3000,28,Llama-3.2-1B,0.30366668,0.56782335
3000,28,Llama-3.2-3B,0.51033336,0.75359434
3000,28,Qwen2.5-0.5B,0.15933333,0.39597407
3000,28,Qwen2.5-1.5B,0.329,0.5868564
3000,28,Qwen2.5-3B,0.49666667,0.73319507
3000,28,Qwen2.5-7B,0.61366665,0.81725854
3000,28,deepseek-v3,0.76633334,0.91433156
3000,28,gemma-2-2b,0.5093333,0.74259514
3000,28,gemma-2-9b,0.60866666,0.80382496
3000,28,llama3.1-405b,0.689,0.86336005
3000,28,llama3.3-70b,0.7136667,0.8861921
3000,28,mistral-large,0.71533334,0.88697094
3000,28,qwen2.5-72b,0.64133334,0.8094935
3000,29,Llama-3.1-8B,0.5793333,0.7973959
3000,29,Llama-3.2-1B,0.30233333,0.5665484
3000,29,Llama-3.2-3B,0.51166666,0.7529454
3000,29,Qwen2.5-0.5B,0.15733333,0.39189196
3000,29,Qwen2.5-1.5B,0.33366665,0.5848932
3000,29,Qwen2.5-3B,0.49566665,0.73598313
3000,29,Qwen2.5-7B,0.603,0.812581
3000,29,deepseek-v3,0.7643333,0.91639215
3000,29,gemma-2-2b,0.49866667,0.7364602
3000,29,gemma-2-9b,0.60066664,0.7977368
3000,29,llama3.1-405b,0.689,0.8632351
3000,29,llama3.3-70b,0.7213333,0.88985187
3000,29,mistral-large,0.71033335,0.8849652
3000,29,qwen2.5-72b,0.6386667,0.81140316
3000,30,Llama-3.1-8B,0.57033336,0.7911626
3000,30,Llama-3.2-1B,0.31433332,0.5666574
3000,30,Llama-3.2-3B,0.51233333,0.74815893
3000,30,Qwen2.5-0.5B,0.15933333,0.39122334
3000,30,Qwen2.5-1.5B,0.32933334,0.5770817
3000,30,Qwen2.5-3B,0.49033332,0.7295334
3000,30,Qwen2.5-7B,0.614,0.8157761
3000,30,deepseek-v3,0.7636667,0.9138208
3000,30,gemma-2-2b,0.50666666,0.7374963
3000,30,gemma-2-9b,0.596,0.7991022
3000,30,llama3.1-405b,0.682,0.857051
3000,30,llama3.3-70b,0.72533333,0.89203376
3000,30,mistral-large,0.71166664,0.88368636
3000,30,qwen2.5-72b,0.64433336,0.8144026
3000,31,Llama-3.1-8B,0.59533334,0.80393165
3000,31,Llama-3.2-1B,0.31866667,0.5706602
3000,31,Llama-3.2-3B,0.522,0.7568939
3000,31,Qwen2.5-0.5B,0.155,0.3933142
3000,31,Qwen2.5-1.5B,0.338,0.5865065
3000,31,Qwen2.5-3B,0.498,0.734566
3000,31,Qwen2.5-7B,0.6256667,0.8237653
3000,31,deepseek-v3,0.7733333,0.91638523
3000,31,gemma-2-2b,0.5196667,0.74840677
3000,31,gemma-2-9b,0.615,0.80710644
3000,31,llama3.1-405b,0.70033336,0.8638829
3000,31,llama3.3-70b,0.73366666,0.8911888
3000,31,mistral-large,0.72333336,0.8899857
3000,31,qwen2.5-72b,0.64933336,0.8123344
3000,32,Llama-3.1-8B,0.59,0.8010002
3000,32,Llama-3.2-1B,0.314,0.57314235
3000,32,Llama-3.2-3B,0.51533335,0.7498975
3000,32,Qwen2.5-0.5B,0.15866667,0.39084652
3000,32,Qwen2.5-1.5B,0.32433334,0.5725421
3000,32,Qwen2.5-3B,0.49533334,0.7326957
3000,32,Qwen2.5-7B,0.61433333,0.815313
3000,32,deepseek-v3,0.77166665,0.91470397
3000,32,gemma-2-2b,0.509,0.7424236
3000,32,gemma-2-9b,0.604,0.79843414
3000,32,llama3.1-405b,0.6956667,0.86440146
3000,32,llama3.3-70b,0.73333335,0.89497274
3000,32,mistral-large,0.721,0.8880773
3000,32,qwen2.5-72b,0.64133334,0.81077474
3000,33,Llama-3.1-8B,0.5883333,0.79958165
3000,33,Llama-3.2-1B,0.31466666,0.5754292
3000,33,Llama-3.2-3B,0.51633334,0.75071305
3000,33,Qwen2.5-0.5B,0.16166666,0.40116447
3000,33,Qwen2.5-1.5B,0.34033334,0.58922386
3000,33,Qwen2.5-3B,0.504,0.7430241
3000,33,Qwen2.5-7B,0.6196667,0.8200224
3000,33,deepseek-v3,0.7733333,0.9184326
3000,33,gemma-2-2b,0.5136667,0.7445957
3000,33,gemma-2-9b,0.61,0.80534
3000,33,llama3.1-405b,0.702,0.868312
3000,33,llama3.3-70b,0.72833335,0.8935034
3000,33,mistral-large,0.718,0.8883235
3000,33,qwen2.5-72b,0.64533335,0.81510997
3000,34,Llama-3.1-8B,0.59066665,0.8054948
3000,34,Llama-3.2-1B,0.32366666,0.5738768
3000,34,Llama-3.2-3B,0.5173333,0.7535029
3000,34,Qwen2.5-0.5B,0.165,0.39254773
3000,34,Qwen2.5-1.5B,0.32833335,0.57483697
3000,34,Qwen2.5-3B,0.50366664,0.7363508
3000,34,Qwen2.5-7B,0.6156667,0.81738883
3000,34,deepseek-v3,0.774,0.91869265
3000,34,gemma-2-2b,0.5083333,0.7421946
3000,34,gemma-2-9b,0.61233336,0.8098435
3000,34,llama3.1-405b,0.697,0.8666929
3000,34,llama3.3-70b,0.722,0.89095557
3000,34,mistral-large,0.721,0.8923649
3000,34,qwen2.5-72b,0.64066666,0.813398
3000,35,Llama-3.1-8B,0.5826667,0.797496
3000,35,Llama-3.2-1B,0.312,0.56644344
3000,35,Llama-3.2-3B,0.519,0.75199527
3000,35,Qwen2.5-0.5B,0.15933333,0.39445767
3000,35,Qwen2.5-1.5B,0.33,0.57742405
3000,35,Qwen2.5-3B,0.49933332,0.73587555
3000,35,Qwen2.5-7B,0.6113333,0.81326735
3000,35,deepseek-v3,0.7643333,0.91263753
3000,35,gemma-2-2b,0.505,0.73830324
3000,35,gemma-2-9b,0.61266667,0.804924
3000,35,llama3.1-405b,0.6956667,0.8626193
3000,35,llama3.3-70b,0.7223333,0.88739663
3000,35,mistral-large,0.71566665,0.8884959
3000,35,qwen2.5-72b,0.645,0.8143151
3000,36,Llama-3.1-8B,0.5706667,0.79289764
3000,36,Llama-3.2-1B,0.30966666,0.5593142
3000,36,Llama-3.2-3B,0.50633335,0.74437004
3000,36,Qwen2.5-0.5B,0.165,0.39564472
3000,36,Qwen2.5-1.5B,0.32933334,0.57749456
3000,36,Qwen2.5-3B,0.496,0.73134595
3000,36,Qwen2.5-7B,0.59933335,0.8096595
3000,36,deepseek-v3,0.7643333,0.91181797
3000,36,gemma-2-2b,0.5093333,0.7410094
3000,36,gemma-2-9b,0.602,0.79791504
3000,36,llama3.1-405b,0.68766665,0.85962856
3000,36,llama3.3-70b,0.7213333,0.8883963
3000,36,mistral-large,0.7076667,0.88230425
3000,36,qwen2.5-72b,0.63533336,0.8088742
3000,37,Llama-3.1-8B,0.58933336,0.7963713
3000,37,Llama-3.2-1B,0.312,0.5644602
3000,37,Llama-3.2-3B,0.515,0.7472109
3000,37,Qwen2.5-0.5B,0.15966667,0.39489213
3000,37,Qwen2.5-1.5B,0.33733332,0.57777447
3000,37,Qwen2.5-3B,0.5,0.73097104
3000,37,Qwen2.5-7B,0.61833334,0.8155774
3000,37,deepseek-v3,0.774,0.9184652
3000,37,gemma-2-2b,0.51133335,0.7451573
3000,37,gemma-2-9b,0.61266667,0.8032523
3000,37,llama3.1-405b,0.69,0.8595779
3000,37,llama3.3-70b,0.723,0.8901945
3000,37,mistral-large,0.7173333,0.8881499
3000,37,qwen2.5-72b,0.64166665,0.80386645
3000,38,Llama-3.1-8B,0.58933336,0.8024174
3000,38,Llama-3.2-1B,0.31933334,0.57397956
3000,38,Llama-3.2-3B,0.529,0.7572719
3000,38,Qwen2.5-0.5B,0.162,0.39914757
3000,38,Qwen2.5-1.5B,0.332,0.5830904
3000,38,Qwen2.5-3B,0.505,0.7332008
3000,38,Qwen2.5-7B,0.633,0.82698274
3000,38,deepseek-v3,0.78433335,0.92196834
3000,38,gemma-2-2b,0.5196667,0.74902964
3000,38,gemma-2-9b,0.6103333,0.8061746
3000,38,llama3.1-405b,0.6996667,0.8663867
3000,38,llama3.3-70b,0.7313333,0.89276165
3000,38,mistral-large,0.726,0.8922411
3000,38,qwen2.5-72b,0.654,0.81695163
3000,39,Llama-3.1-8B,0.5833333,0.8010526
3000,39,Llama-3.2-1B,0.314,0.5687409
3000,39,Llama-3.2-3B,0.5053333,0.74735343
3000,39,Qwen2.5-0.5B,0.15466666,0.38493305
3000,39,Qwen2.5-1.5B,0.332,0.58497304
3000,39,Qwen2.5-3B,0.498,0.73522484
3000,39,Qwen2.5-7B,0.6106667,0.8151301
3000,39,deepseek-v3,0.77466667,0.9192417
3000,39,gemma-2-2b,0.50266665,0.7421233
3000,39,gemma-2-9b,0.6066667,0.80463696
3000,39,llama3.1-405b,0.68866664,0.8623571
3000,39,llama3.3-70b,0.72433335,0.8886768
3000,39,mistral-large,0.712,0.88850206
3000,39,qwen2.5-72b,0.639,0.8093999
3000,40,Llama-3.1-8B,0.598,0.803191
3000,40,Llama-3.2-1B,0.323,0.5750959
3000,40,Llama-3.2-3B,0.5336667,0.76386166
3000,40,Qwen2.5-0.5B,0.16066666,0.39869148
3000,40,Qwen2.5-1.5B,0.32733333,0.5778664
3000,40,Qwen2.5-3B,0.513,0.74256134
3000,40,Qwen2.5-7B,0.6303333,0.8248147
3000,40,deepseek-v3,0.7876667,0.9234142
3000,40,gemma-2-2b,0.529,0.75673586
3000,40,gemma-2-9b,0.616,0.80514455
3000,40,llama3.1-405b,0.70966667,0.8697587
3000,40,llama3.3-70b,0.741,0.89641196
3000,40,mistral-large,0.73366666,0.8952207
3000,40,qwen2.5-72b,0.66533333,0.8248222
3000,41,Llama-3.1-8B,0.59533334,0.8056189
3000,41,Llama-3.2-1B,0.323,0.57622975
3000,41,Llama-3.2-3B,0.5236667,0.75626105
3000,41,Qwen2.5-0.5B,0.156,0.39274266
3000,41,Qwen2.5-1.5B,0.336,0.5872996
3000,41,Qwen2.5-3B,0.5003333,0.7345625
3000,41,Qwen2.5-7B,0.622,0.8215048
3000,41,deepseek-v3,0.773,0.9164537
3000,41,gemma-2-2b,0.5136667,0.74459416
3000,41,gemma-2-9b,0.61,0.80082685
3000,41,llama3.1-405b,0.70266664,0.86435646
3000,41,llama3.3-70b,0.72966665,0.8905298
3000,41,mistral-large,0.725,0.8912042
3000,41,qwen2.5-72b,0.6473333,0.81381387
3000,42,Llama-3.1-8B,0.5833333,0.79729825
3000,42,Llama-3.2-1B,0.30333334,0.56064034
3000,42,Llama-3.2-3B,0.51766664,0.7542583
3000,42,Qwen2.5-0.5B,0.149,0.3817692
3000,42,Qwen2.5-1.5B,0.33266667,0.58496857
3000,42,Qwen2.5-3B,0.503,0.73568547
3000,42,Qwen2.5-7B,0.61733335,0.82150775
3000,42,deepseek-v3,0.76533335,0.91521996
3000,42,gemma-2-2b,0.51,0.7439883
3000,42,gemma-2-9b,0.59966666,0.7994938
3000,42,llama3.1-405b,0.6903333,0.86073047
3000,42,llama3.3-70b,0.71966666,0.88800776
3000,42,mistral-large,0.71533334,0.88703936
3000,42,qwen2.5-72b,0.6343333,0.8100087
3000,43,Llama-3.1-8B,0.5733333,0.7900513
3000,43,Llama-3.2-1B,0.319,0.57610345
3000,43,Llama-3.2-3B,0.51766664,0.7547175
3000,43,Qwen2.5-0.5B,0.15933333,0.39331567
3000,43,Qwen2.5-1.5B,0.32733333,0.5764902
3000,43,Qwen2.5-3B,0.503,0.7381012
3000,43,Qwen2.5-7B,0.603,0.81122744
3000,43,deepseek-v3,0.766,0.9139981
3000,43,gemma-2-2b,0.51,0.74395704
3000,43,gemma-2-9b,0.605,0.8010501
3000,43,llama3.1-405b,0.68266666,0.859843
3000,43,llama3.3-70b,0.7183333,0.8891798
3000,43,mistral-large,0.71566665,0.886416
3000,43,qwen2.5-72b,0.63233334,0.8061311
3000,44,Llama-3.1-8B,0.5793333,0.7979424
3000,44,Llama-3.2-1B,0.30166668,0.5645995
3000,44,Llama-3.2-3B,0.50733334,0.74671197
3000,44,Qwen2.5-0.5B,0.162,0.39423475
3000,44,Qwen2.5-1.5B,0.32333332,0.58258116
3000,44,Qwen2.5-3B,0.495,0.73648655
3000,44,Qwen2.5-7B,0.609,0.8178815
3000,44,deepseek-v3,0.7583333,0.91056216
3000,44,gemma-2-2b,0.5083333,0.7466789
3000,44,gemma-2-9b,0.6026667,0.8068932
3000,44,llama3.1-405b,0.6906667,0.8654201
3000,44,llama3.3-70b,0.71666664,0.88947624
3000,44,mistral-large,0.7136667,0.8884463
3000,44,qwen2.5-72b,0.642,0.8140339
3000,45,Llama-3.1-8B,0.5933333,0.8071189
3000,45,Llama-3.2-1B,0.322,0.5785241
3000,45,Llama-3.2-3B,0.51666665,0.75077367
3000,45,Qwen2.5-0.5B,0.161,0.3912487
3000,45,Qwen2.5-1.5B,0.32866666,0.5830719
3000,45,Qwen2.5-3B,0.49466667,0.73123777
3000,45,Qwen2.5-7B,0.6106667,0.8164312
3000,45,deepseek-v3,0.76633334,0.91431606
3000,45,gemma-2-2b,0.51266664,0.7485543
3000,45,gemma-2-9b,0.59933335,0.8007325
3000,45,llama3.1-405b,0.7033333,0.8711334
3000,45,llama3.3-70b,0.7326667,0.8959555
3000,45,mistral-large,0.723,0.8921473
3000,45,qwen2.5-72b,0.651,0.81709397
3000,46,Llama-3.1-8B,0.59566665,0.8046318
3000,46,Llama-3.2-1B,0.32733333,0.5818655
3000,46,Llama-3.2-3B,0.5316667,0.7639082
3000,46,Qwen2.5-0.5B,0.164,0.39945692
3000,46,Qwen2.5-1.5B,0.34333333,0.5844209
3000,46,Qwen2.5-3B,0.49966666,0.7352974
3000,46,Qwen2.5-7B,0.628,0.8229657
3000,46,deepseek-v3,0.778,0.9195779
3000,46,gemma-2-2b,0.51933336,0.7458291
3000,46,gemma-2-9b,0.6153333,0.8059196
3000,46,llama3.1-405b,0.70666665,0.8698487
3000,46,llama3.3-70b,0.7353333,0.8958468
3000,46,mistral-large,0.73,0.8940376
3000,46,qwen2.5-72b,0.65466666,0.81887066
3000,47,Llama-3.1-8B,0.5833333,0.7951526
3000,47,Llama-3.2-1B,0.31033334,0.56476647
3000,47,Llama-3.2-3B,0.515,0.75084084
3000,47,Qwen2.5-0.5B,0.15566666,0.39448467
3000,47,Qwen2.5-1.5B,0.32366666,0.57650816
3000,47,Qwen2.5-3B,0.50633335,0.73828065
3000,47,Qwen2.5-7B,0.62266666,0.82384765
3000,47,deepseek-v3,0.7696667,0.91429836
3000,47,gemma-2-2b,0.51233333,0.74469465
3000,47,gemma-2-9b,0.605,0.8011145
3000,47,llama3.1-405b,0.6906667,0.8613587
3000,47,llama3.3-70b,0.7223333,0.8903067
3000,47,mistral-large,0.71966666,0.89033425
3000,47,qwen2.5-72b,0.643,0.81606567
3000,48,Llama-3.1-8B,0.5886667,0.8008486
3000,48,Llama-3.2-1B,0.317,0.5791389
3000,48,Llama-3.2-3B,0.51933336,0.7528402
3000,48,Qwen2.5-0.5B,0.16533333,0.39513838
3000,48,Qwen2.5-1.5B,0.33833334,0.5823616
3000,48,Qwen2.5-3B,0.506,0.73662037
3000,48,Qwen2.5-7B,0.6196667,0.81847924
3000,48,deepseek-v3,0.77033335,0.91747624
3000,48,gemma-2-2b,0.51033336,0.74617445
3000,48,gemma-2-9b,0.6153333,0.80897593
3000,48,llama3.1-405b,0.69366664,0.8633276
3000,48,llama3.3-70b,0.726,0.8888082
3000,48,mistral-large,0.7213333,0.8911459
3000,48,qwen2.5-72b,0.64166665,0.81466913
3000,49,Llama-3.1-8B,0.5836667,0.7998663
3000,49,Llama-3.2-1B,0.303,0.5687967
3000,49,Llama-3.2-3B,0.5093333,0.7486096
3000,49,Qwen2.5-0.5B,0.158,0.39635527
3000,49,Qwen2.5-1.5B,0.332,0.5847401
3000,49,Qwen2.5-3B,0.5006667,0.7395808
3000,49,Qwen2.5-7B,0.61733335,0.820108
3000,49,deepseek-v3,0.76766664,0.916049
3000,49,gemma-2-2b,0.51666665,0.7502484
3000,49,gemma-2-9b,0.6113333,0.80647737
3000,49,llama3.1-405b,0.69766665,0.8685039
3000,49,llama3.3-70b,0.714,0.88364357
3000,49,mistral-large,0.716,0.888222
3000,49,qwen2.5-72b,0.64966667,0.82069725
5000,0,Llama-3.1-8B,0.5914,0.80174816
5000,0,Llama-3.2-1B,0.3154,0.57456595
5000,0,Llama-3.2-3B,0.521,0.7517872
5000,0,Qwen2.5-0.5B,0.164,0.39722252
5000,0,Qwen2.5-1.5B,0.3306,0.58026344
5000,0,Qwen2.5-3B,0.5014,0.7361249
5000,0,Qwen2.5-7B,0.6162,0.8159604
5000,0,deepseek-v3,0.7716,0.91759795
5000,0,gemma-2-2b,0.5112,0.7439964
5000,0,gemma-2-9b,0.6034,0.8025939
5000,0,llama3.1-405b,0.6918,0.8631598
5000,0,llama3.3-70b,0.7216,0.8898373
5000,0,mistral-large,0.7174,0.8895519
5000,0,qwen2.5-72b,0.642,0.811193
5000,1,Llama-3.1-8B,0.5864,0.80102015
5000,1,Llama-3.2-1B,0.3108,0.56972045
5000,1,Llama-3.2-3B,0.5146,0.75302947
5000,1,Qwen2.5-0.5B,0.1566,0.39206788
5000,1,Qwen2.5-1.5B,0.3314,0.5783191
5000,1,Qwen2.5-3B,0.4984,0.73284334
5000,1,Qwen2.5-7B,0.6154,0.8156875
5000,1,deepseek-v3,0.7738,0.9178956
5000,1,gemma-2-2b,0.5108,0.7450409
5000,1,gemma-2-9b,0.6092,0.8053095
5000,1,llama3.1-405b,0.6964,0.86476165
5000,1,llama3.3-70b,0.7226,0.8905072
5000,1,mistral-large,0.7218,0.8907374
5000,1,qwen2.5-72b,0.6416,0.8108192
5000,2,Llama-3.1-8B,0.5846,0.7981076
5000,2,Llama-3.2-1B,0.316,0.5723255
5000,2,Llama-3.2-3B,0.5148,0.75099355
5000,2,Qwen2.5-0.5B,0.1544,0.38972735
5000,2,Qwen2.5-1.5B,0.3282,0.5807992
5000,2,Qwen2.5-3B,0.493,0.73097694
5000,2,Qwen2.5-7B,0.6174,0.8186763
5000,2,deepseek-v3,0.7676,0.91586757
5000,2,gemma-2-2b,0.518,0.7444806
5000,2,gemma-2-9b,0.6066,0.80190414
5000,2,llama3.1-405b,0.6966,0.863979
5000,2,llama3.3-70b,0.7266,0.89023876
5000,2,mistral-large,0.7186,0.8891883
5000,2,qwen2.5-72b,0.6452,0.81209004
5000,3,Llama-3.1-8B,0.594,0.8062648
5000,3,Llama-3.2-1B,0.3202,0.57794553
5000,3,Llama-3.2-3B,0.5266,0.7582586
5000,3,Qwen2.5-0.5B,0.1578,0.39581978
5000,3,Qwen2.5-1.5B,0.3342,0.5837123
5000,3,Qwen2.5-3B,0.5036,0.7376475
5000,3,Qwen2.5-7B,0.6274,0.8244037
5000,3,deepseek-v3,0.7758,0.91797507
5000,3,gemma-2-2b,0.5214,0.75042564
5000,3,gemma-2-9b,0.6182,0.80868447
5000,3,llama3.1-405b,0.7054,0.8687198
5000,3,llama3.3-70b,0.732,0.89367676
5000,3,mistral-large,0.7288,0.8924885
5000,3,qwen2.5-72b,0.6512,0.8165391
5000,4,Llama-3.1-8B,0.58,0.79720396
5000,4,Llama-3.2-1B,0.3066,0.5662869
5000,4,Llama-3.2-3B,0.513,0.75203294
5000,4,Qwen2.5-0.5B,0.156,0.39150774
5000,4,Qwen2.5-1.5B,0.325,0.57549727
5000,4,Qwen2.5-3B,0.4986,0.734389
5000,4,Qwen2.5-7B,0.6098,0.8141877
5000,4,deepseek-v3,0.7692,0.91575193
5000,4,gemma-2-2b,0.5066,0.74092364
5000,4,gemma-2-9b,0.6054,0.8025012
5000,4,llama3.1-405b,0.6924,0.86164874
5000,4,llama3.3-70b,0.7206,0.88942444
5000,4,mistral-large,0.712,0.8865026
5000,4,qwen2.5-72b,0.644,0.8108691
5000,5,Llama-3.1-8B,0.588,0.8005194
5000,5,Llama-3.2-1B,0.3226,0.57515526
5000,5,Llama-3.2-3B,0.517,0.75041646
5000,5,Qwen2.5-0.5B,0.1648,0.395772
5000,5,Qwen2.5-1.5B,0.3422,0.5873928
5000,5,Qwen2.5-3B,0.5074,0.7372508
5000,5,Qwen2.5-7B,0.6182,0.8186893
5000,5,deepseek-v3,0.7716,0.9166455
5000,5,gemma-2-2b,0.5142,0.7446114
5000,5,gemma-2-9b,0.612,0.80475926
5000,5,llama3.1-405b,0.6962,0.8629049
5000,5,llama3.3-70b,0.731,0.894147
5000,5,mistral-large,0.721,0.8897976
5000,5,qwen2.5-72b,0.6478,0.81510043
5000,6,Llama-3.1-8B,0.5928,0.8034874
5000,6,Llama-3.2-1B,0.3184,0.57588786
5000,6,Llama-3.2-3B,0.5182,0.75300527
5000,6,Qwen2.5-0.5B,0.1622,0.39608437
5000,6,Qwen2.5-1.5B,0.3302,0.5801368
5000,6,Qwen2.5-3B,0.4954,0.7318012
5000,6,Qwen2.5-7B,0.6134,0.81344616
5000,6,deepseek-v3,0.7704,0.916978
5000,6,gemma-2-2b,0.5132,0.744676
5000,6,gemma-2-9b,0.612,0.80384564
5000,6,llama3.1-405b,0.6926,0.862038
5000,6,llama3.3-70b,0.7232,0.8905872
5000,6,mistral-large,0.7172,0.8878287
5000,6,qwen2.5-72b,0.6418,0.8132963
5000,7,Llama-3.1-8B,0.5898,0.80382043
5000,7,Llama-3.2-1B,0.3218,0.5783994
5000,7,Llama-3.2-3B,0.5196,0.7576361
5000,7,Qwen2.5-0.5B,0.1654,0.39762563
5000,7,Qwen2.5-1.5B,0.34,0.5873004
5000,7,Qwen2.5-3B,0.5018,0.7370564
5000,7,Qwen2.5-7B,0.6166,0.81947166
5000,7,deepseek-v3,0.7708,0.91734743
5000,7,gemma-2-2b,0.5172,0.74899036
5000,7,gemma-2-9b,0.6116,0.80666906
5000,7,llama3.1-405b,0.6962,0.8654537
5000,7,llama3.3-70b,0.7276,0.892313
5000,7,mistral-large,0.7242,0.89128506
5000,7,qwen2.5-72b,0.6424,0.8152739
5000,8,Llama-3.1-8B,0.5898,0.80513644
5000,8,Llama-3.2-1B,0.3172,0.57349646
5000,8,Llama-3.2-3B,0.5168,0.75541055
5000,8,Qwen2.5-0.5B,0.1588,0.3970803
5000,8,Qwen2.5-1.5B,0.3378,0.58631635
5000,8,Qwen2.5-3B,0.5056,0.7382448
5000,8,Qwen2.5-7B,0.6154,0.8177297
5000,8,deepseek-v3,0.7706,0.9170101
5000,8,gemma-2-2b,0.5138,0.7492013
5000,8,gemma-2-9b,0.6134,0.80779785
5000,8,llama3.1-405b,0.6922,0.8645677
5000,8,llama3.3-70b,0.729,0.8927196
5000,8,mistral-large,0.7214,0.88970643
5000,8,qwen2.5-72b,0.649,0.81760925
5000,9,Llama-3.1-8B,0.5894,0.8008631
5000,9,Llama-3.2-1B,0.3128,0.5669387
5000,9,Llama-3.2-3B,0.5136,0.7502637
5000,9,Qwen2.5-0.5B,0.161,0.39538386
5000,9,Qwen2.5-1.5B,0.3378,0.58283865
5000,9,Qwen2.5-3B,0.5034,0.7371082
5000,9,Qwen2.5-7B,0.6172,0.8169744
5000,9,deepseek-v3,0.7714,0.91677845
5000,9,gemma-2-2b,0.512,0.7446609
5000,9,gemma-2-9b,0.6042,0.80445176
5000,9,llama3.1-405b,0.6998,0.86734325
5000,9,llama3.3-70b,0.7302,0.8921259
5000,9,mistral-large,0.7218,0.89093816
5000,9,qwen2.5-72b,0.6506,0.818488
5000,10,Llama-3.1-8B,0.5792,0.79751927
5000,10,Llama-3.2-1B,0.3146,0.56917596
5000,10,Llama-3.2-3B,0.511,0.74940264
5000,10,Qwen2.5-0.5B,0.1572,0.3949738
5000,10,Qwen2.5-1.5B,0.326,0.57563126
5000,10,Qwen2.5-3B,0.4934,0.729077
5000,10,Qwen2.5-7B,0.6134,0.8164353
5000,10,deepseek-v3,0.7652,0.91449237
5000,10,gemma-2-2b,0.5058,0.73862004
5000,10,gemma-2-9b,0.5982,0.8015937
5000,10,llama3.1-405b,0.6902,0.86177355
5000,10,llama3.3-70b,0.7176,0.88879424
5000,10,mistral-large,0.7138,0.8865085
5000,10,qwen2.5-72b,0.6416,0.81257474
5000,11,Llama-3.1-8B,0.5814,0.79785
5000,11,Llama-3.2-1B,0.3124,0.56565565
5000,11,Llama-3.2-3B,0.5148,0.75033164
5000,11,Qwen2.5-0.5B,0.1608,0.39850953
5000,11,Qwen2.5-1.5B,0.3334,0.5803975
5000,11,Qwen2.5-3B,0.5048,0.7369522
5000,11,Qwen2.5-7B,0.6174,0.8190342
5000,11,deepseek-v3,0.7684,0.91463494
5000,11,gemma-2-2b,0.5104,0.73957986
5000,11,gemma-2-9b,0.6062,0.80041796
5000,11,llama3.1-405b,0.6954,0.8631421
5000,11,llama3.3-70b,0.7238,0.8886985
5000,11,mistral-large,0.7176,0.88783777
5000,11,qwen2.5-72b,0.6452,0.8149189
5000,12,Llama-3.1-8B,0.5832,0.79858416
5000,12,Llama-3.2-1B,0.3108,0.56474316
5000,12,Llama-3.2-3B,0.5114,0.74698824
5000,12,Qwen2.5-0.5B,0.1606,0.3960055
5000,12,Qwen2.5-1.5B,0.3302,0.58096486
5000,12,Qwen2.5-3B,0.4978,0.7326038
5000,12,Qwen2.5-7B,0.612,0.8138268
5000,12,deepseek-v3,0.7684,0.9142773
5000,12,gemma-2-2b,0.5134,0.7423963
5000,12,gemma-2-9b,0.6072,0.80263007
5000,12,llama3.1-405b,0.6896,0.8614917
5000,12,llama3.3-70b,0.7178,0.8870602
5000,12,mistral-large,0.7158,0.8871769
5000,12,qwen2.5-72b,0.6424,0.8125062
5000,13,Llama-3.1-8B,0.5842,0.798974
5000,13,Llama-3.2-1B,0.3168,0.5749675
5000,13,Llama-3.2-3B,0.5158,0.7543542
5000,13,Qwen2.5-0.5B,0.1626,0.39776954
5000,13,Qwen2.5-1.5B,0.331,0.58296615
5000,13,Qwen2.5-3B,0.5042,0.73655665
5000,13,Qwen2.5-7B,0.613,0.8190139
5000,13,deepseek-v3,0.7686,0.9157088
5000,13,gemma-2-2b,0.5104,0.7466748
5000,13,gemma-2-9b,0.6066,0.80384624
5000,13,llama3.1-405b,0.6882,0.8614919
5000,13,llama3.3-70b,0.7224,0.889186
5000,13,mistral-large,0.7118,0.886839
5000,13,qwen2.5-72b,0.6444,0.81508875
5000,14,Llama-3.1-8B,0.5868,0.79890466
5000,14,Llama-3.2-1B,0.3074,0.565956
5000,14,Llama-3.2-3B,0.5058,0.7474378
5000,14,Qwen2.5-0.5B,0.1542,0.38906115
5000,14,Qwen2.5-1.5B,0.329,0.5779105
5000,14,Qwen2.5-3B,0.4942,0.73265535
5000,14,Qwen2.5-7B,0.617,0.81954944
5000,14,deepseek-v3,0.7648,0.91495574
5000,14,gemma-2-2b,0.5094,0.74257094
5000,14,gemma-2-9b,0.608,0.80251336
5000,14,llama3.1-405b,0.6938,0.86399484
5000,14,llama3.3-70b,0.721,0.8892913
5000,14,mistral-large,0.7186,0.8897087
5000,14,qwen2.5-72b,0.6456,0.8157092
5000,15,Llama-3.1-8B,0.588,0.8006312
5000,15,Llama-3.2-1B,0.3192,0.5745637
5000,15,Llama-3.2-3B,0.5202,0.75474817
5000,15,Qwen2.5-0.5B,0.1626,0.39445835
5000,15,Qwen2.5-1.5B,0.3334,0.5809017
5000,15,Qwen2.5-3B,0.513,0.73970306
5000,15,Qwen2.5-7B,0.625,0.8206916
5000,15,deepseek-v3,0.7724,0.91656184
5000,15,gemma-2-2b,0.5106,0.7421477
5000,15,gemma-2-9b,0.6136,0.804462
5000,15,llama3.1-405b,0.6992,0.8649367
5000,15,llama3.3-70b,0.7316,0.8930371
5000,15,mistral-large,0.7214,0.89036125
5000,15,qwen2.5-72b,0.6484,0.8136313
5000,16,Llama-3.1-8B,0.5846,0.799785
5000,16,Llama-3.2-1B,0.3186,0.5742507
5000,16,Llama-3.2-3B,0.5126,0.74913335
5000,16,Qwen2.5-0.5B,0.1608,0.39352068
5000,16,Qwen2.5-1.5B,0.3242,0.5789097
5000,16,Qwen2.5-3B,0.498,0.7358547
5000,16,Qwen2.5-7B,0.6126,0.8159921
5000,16,deepseek-v3,0.767,0.9148639
5000,16,gemma-2-2b,0.5108,0.74313504
5000,16,gemma-2-9b,0.6032,0.8008967
5000,16,llama3.1-405b,0.692,0.86313397
5000,16,llama3.3-70b,0.7236,0.8907075
5000,16,mistral-large,0.7144,0.8873839
5000,16,qwen2.5-72b,0.6434,0.81204885
5000,17,Llama-3.1-8B,0.5874,0.8045647
5000,17,Llama-3.2-1B,0.3148,0.57417727
5000,17,Llama-3.2-3B,0.5198,0.75673616
5000,17,Qwen2.5-0.5B,0.1618,0.39745462
5000,17,Qwen2.5-1.5B,0.334,0.5834433
5000,17,Qwen2.5-3B,0.5014,0.73612
5000,17,Qwen2.5-7B,0.6174,0.8204797
5000,17,deepseek-v3,0.767,0.9165203
5000,17,gemma-2-2b,0.5126,0.74337685
5000,17,gemma-2-9b,0.6032,0.80175525
5000,17,llama3.1-405b,0.687,0.86202246
5000,17,llama3.3-70b,0.7184,0.8901535
5000,17,mistral-large,0.7148,0.88764787
5000,17,qwen2.5-72b,0.6468,0.8144829
5000,18,Llama-3.1-8B,0.5844,0.8007519
5000,18,Llama-3.2-1B,0.3176,0.5720921
5000,18,Llama-3.2-3B,0.5154,0.75277644
5000,18,Qwen2.5-0.5B,0.1642,0.3954707
5000,18,Qwen2.5-1.5B,0.3254,0.575057
5000,18,Qwen2.5-3B,0.499,0.7340285
5000,18,Qwen2.5-7B,0.6148,0.81655043
5000,18,deepseek-v3,0.7722,0.9155032
5000,18,gemma-2-2b,0.5102,0.7405651
5000,18,gemma-2-9b,0.602,0.80100954
5000,18,llama3.1-405b,0.6924,0.86423606
5000,18,llama3.3-70b,0.7254,0.8891262
5000,18,mistral-large,0.7182,0.88790965
5000,18,qwen2.5-72b,0.6424,0.81146073
5000,19,Llama-3.1-8B,0.578,0.7977324
5000,19,Llama-3.2-1B,0.317,0.5749437
5000,19,Llama-3.2-3B,0.5128,0.75198644
5000,19,Qwen2.5-0.5B,0.1628,0.3986027
5000,19,Qwen2.5-1.5B,0.3336,0.585738
5000,19,Qwen2.5-3B,0.5038,0.7363843
5000,19,Qwen2.5-7B,0.6118,0.8168614
5000,19,deepseek-v3,0.766,0.9137374
5000,19,gemma-2-2b,0.5098,0.7438208
5000,19,gemma-2-9b,0.6098,0.80518436
5000,19,llama3.1-405b,0.6932,0.86448497
5000,19,llama3.3-70b,0.7176,0.88885564
5000,19,mistral-large,0.7178,0.88880616
5000,19,qwen2.5-72b,0.6416,0.8118408
5000,20,Llama-3.1-8B,0.5906,0.80375606
5000,20,Llama-3.2-1B,0.3094,0.56873477
5000,20,Llama-3.2-3B,0.5162,0.7537382
5000,20,Qwen2.5-0.5B,0.156,0.39057055
5000,20,Qwen2.5-1.5B,0.3272,0.57934946
5000,20,Qwen2.5-3B,0.4974,0.7326281
5000,20,Qwen2.5-7B,0.6136,0.8185156
5000,20,deepseek-v3,0.7712,0.9176131
5000,20,gemma-2-2b,0.5126,0.747212
5000,20,gemma-2-9b,0.6068,0.8047972
5000,20,llama3.1-405b,0.6938,0.8650583
5000,20,llama3.3-70b,0.7274,0.892198
5000,20,mistral-large,0.721,0.88870263
5000,20,qwen2.5-72b,0.6486,0.8165584
5000,21,Llama-3.1-8B,0.5854,0.79867
5000,21,Llama-3.2-1B,0.3212,0.5766737
5000,21,Llama-3.2-3B,0.5156,0.7519692
5000,21,Qwen2.5-0.5B,0.1618,0.3991784
5000,21,Qwen2.5-1.5B,0.3378,0.5837774
5000,21,Qwen2.5-3B,0.5064,0.7389585
5000,21,Qwen2.5-7B,0.6156,0.81569093
5000,21,deepseek-v3,0.7702,0.91594344
5000,21,gemma-2-2b,0.509,0.7415168
5000,21,gemma-2-9b,0.608,0.80288374
5000,21,llama3.1-405b,0.6924,0.8610762
5000,21,llama3.3-70b,0.7248,0.8907246
5000,21,mistral-large,0.717,0.8879699
5000,21,qwen2.5-72b,0.6424,0.811311
5000,22,Llama-3.1-8B,0.5852,0.80012274
5000,22,Llama-3.2-1B,0.3146,0.5722864
5000,22,Llama-3.2-3B,0.512,0.7502485
5000,22,Qwen2.5-0.5B,0.1596,0.3957681
5000,22,Qwen2.5-1.5B,0.332,0.57859457
5000,22,Qwen2.5-3B,0.5024,0.73394036
5000,22,Qwen2.5-7B,0.6122,0.8156967
5000,22,deepseek-v3,0.7714,0.9159893
5000,22,gemma-2-2b,0.5084,0.7396922
5000,22,gemma-2-9b,0.6124,0.8051757
5000,22,llama3.1-405b,0.6934,0.86454153
5000,22,llama3.3-70b,0.7274,0.891925
5000,22,mistral-large,0.7214,0.8890641
5000,22,qwen2.5-72b,0.6412,0.8116009
5000,23,Llama-3.1-8B,0.5884,0.8004798
5000,23,Llama-3.2-1B,0.3118,0.5700596
5000,23,Llama-3.2-3B,0.5154,0.75330824
5000,23,Qwen2.5-0.5B,0.1628,0.393699
5000,23,Qwen2.5-1.5B,0.334,0.5813245
5000,23,Qwen2.5-3B,0.495,0.7302393
5000,23,Qwen2.5-7B,0.6132,0.8165277
5000,23,deepseek-v3,0.7708,0.91534317
5000,23,gemma-2-2b,0.5106,0.7431396
5000,23,gemma-2-9b,0.6098,0.80342144
5000,23,llama3.1-405b,0.6944,0.86582726
5000,23,llama3.3-70b,0.7254,0.891642
5000,23,mistral-large,0.7216,0.8890636
5000,23,qwen2.5-72b,0.6472,0.8159345
5000,24,Llama-3.1-8B,0.584,0.79892755
5000,24,Llama-3.2-1B,0.3112,0.5695086
5000,24,Llama-3.2-3B,0.5084,0.7502575
5000,24,Qwen2.5-0.5B,0.1616,0.3974409
5000,24,Qwen2.5-1.5B,0.3362,0.5843813
5000,24,Qwen2.5-3B,0.5016,0.73602575
5000,24,Qwen2.5-7B,0.6122,0.8150363
5000,24,deepseek-v3,0.7672,0.91586035
5000,24,gemma-2-2b,0.501,0.7397592
5000,24,gemma-2-9b,0.606,0.8044875
5000,24,llama3.1-405b,0.6912,0.86238045
5000,24,llama3.3-70b,0.7182,0.888272
5000,24,mistral-large,0.7198,0.88997763
5000,24,qwen2.5-72b,0.6444,0.8155905
5000,25,Llama-3.1-8B,0.5758,0.79504836
5000,25,Llama-3.2-1B,0.3104,0.57031345
5000,25,Llama-3.2-3B,0.5106,0.7483599
5000,25,Qwen2.5-0.5B,0.1624,0.39642307
5000,25,Qwen2.5-1.5B,0.3276,0.5799387
5000,25,Qwen2.5-3B,0.499,0.73284113
5000,25,Qwen2.5-7B,0.6062,0.8119933
5000,25,deepseek-v3,0.7696,0.91596067
5000,25,gemma-2-2b,0.4998,0.7386488
5000,25,gemma-2-9b,0.5948,0.795205
5000,25,llama3.1-405b,0.6808,0.8581043
5000,25,llama3.3-70b,0.714,0.885681
5000,25,mistral-large,0.7112,0.8854976
5000,25,qwen2.5-72b,0.6378,0.8110842
5000,26,Llama-3.1-8B,0.5858,0.8019189
5000,26,Llama-3.2-1B,0.3172,0.57673913
5000,26,Llama-3.2-3B,0.5178,0.752421
5000,26,Qwen2.5-0.5B,0.1634,0.3969473
5000,26,Qwen2.5-1.5B,0.3314,0.5820686
5000,26,Qwen2.5-3B,0.5,0.734011
5000,26,Qwen2.5-7B,0.616,0.8173071
5000,26,deepseek-v3,0.7678,0.9160374
5000,26,gemma-2-2b,0.5104,0.7432198
5000,26,gemma-2-9b,0.6064,0.8032016
5000,26,llama3.1-405b,0.6938,0.8646448
5000,26,llama3.3-70b,0.7216,0.8895759
5000,26,mistral-large,0.7148,0.8878286
5000,26,qwen2.5-72b,0.6424,0.8122054
5000,27,Llama-3.1-8B,0.5844,0.8025131
5000,27,Llama-3.2-1B,0.3142,0.5731993
5000,27,Llama-3.2-3B,0.5188,0.7546224
5000,27,Qwen2.5-0.5B,0.1604,0.39682245
5000,27,Qwen2.5-1.5B,0.335,0.58162254
5000,27,Qwen2.5-3B,0.5014,0.7354337
5000,27,Qwen2.5-7B,0.617,0.81713015
5000,27,deepseek-v3,0.7708,0.9166925
5000,27,gemma-2-2b,0.5148,0.7464501
5000,27,gemma-2-9b,0.6118,0.8066156
5000,27,llama3.1-405b,0.6966,0.8665632
5000,27,llama3.3-70b,0.7254,0.89212614
5000,27,mistral-large,0.7232,0.8912162
5000,27,qwen2.5-72b,0.6492,0.81783587
5000,28,Llama-3.1-8B,0.5798,0.7982375
5000,28,Llama-3.2-1B,0.3128,0.57411516
5000,28,Llama-3.2-3B,0.516,0.7504242
5000,28,Qwen2.5-0.5B,0.159,0.3943461
5000,28,Qwen2.5-1.5B,0.3286,0.57501906
5000,28,Qwen2.5-3B,0.5006,0.7347477
5000,28,Qwen2.5-7B,0.6156,0.82070744
5000,28,deepseek-v3,0.7618,0.91398567
5000,28,gemma-2-2b,0.5042,0.74102056
5000,28,gemma-2-9b,0.6034,0.8011283
5000,28,llama3.1-405b,0.6918,0.86336887
5000,28,llama3.3-70b,0.7264,0.8903544
5000,28,mistral-large,0.7136,0.8874932
5000,28,qwen2.5-72b,0.6438,0.81501615
5000,29,Llama-3.1-8B,0.5918,0.80261016
5000,29,Llama-3.2-1B,0.314,0.56938493
5000,29,Llama-3.2-3B,0.5194,0.75531614
5000,29,Qwen2.5-0.5B,0.1618,0.39460874
5000,29,Qwen2.5-1.5B,0.3362,0.58317083
5000,29,Qwen2.5-3B,0.5026,0.7362223
5000,29,Qwen2.5-7B,0.6178,0.8185563
5000,29,deepseek-v3,0.772,0.91669554
5000,29,gemma-2-2b,0.513,0.74290144
5000,29,gemma-2-9b,0.6066,0.8025325
5000,29,llama3.1-405b,0.6936,0.8642618
5000,29,llama3.3-70b,0.7282,0.89245486
5000,29,mistral-large,0.7192,0.8886076
5000,29,qwen2.5-72b,0.6426,0.8119188
5000,30,Llama-3.1-8B,0.5916,0.8046099
5000,30,Llama-3.2-1B,0.3154,0.5737831
5000,30,Llama-3.2-3B,0.5202,0.7576043
5000,30,Qwen2.5-0.5B,0.159,0.39596877
5000,30,Qwen2.5-1.5B,0.3392,0.5886128
5000,30,Qwen2.5-3B,0.5082,0.74106497
5000,30,Qwen2.5-7B,0.6204,0.81915236
5000,30,deepseek-v3,0.7774,0.91943145
5000,30,gemma-2-2b,0.5172,0.74483037
5000,30,gemma-2-9b,0.6126,0.80726355
5000,30,llama3.1-405b,0.697,0.8662704
5000,30,llama3.3-70b,0.7318,0.8934577
5000,30,mistral-large,0.7242,0.89186025
5000,30,qwen2.5-72b,0.6512,0.8173527
5000,31,Llama-3.1-8B,0.5792,0.7999874
5000,31,Llama-3.2-1B,0.3224,0.5800555
5000,31,Llama-3.2-3B,0.5192,0.75552046
5000,31,Qwen2.5-0.5B,0.1614,0.3957894
5000,31,Qwen2.5-1.5B,0.3274,0.57936335
5000,31,Qwen2.5-3B,0.4922,0.73045474
5000,31,Qwen2.5-7B,0.6116,0.81690377
5000,31,deepseek-v3,0.7604,0.91355693
5000,31,gemma-2-2b,0.5016,0.74117285
5000,31,gemma-2-9b,0.5988,0.8008278
5000,31,llama3.1-405b,0.6906,0.86283076
5000,31,llama3.3-70b,0.7242,0.8925865
5000,31,mistral-large,0.7138,0.88699913
5000,31,qwen2.5-72b,0.6362,0.80862546
5000,32,Llama-3.1-8B,0.5862,0.8008187
5000,32,Llama-3.2-1B,0.3162,0.5721391
5000,32,Llama-3.2-3B,0.5162,0.75271684
5000,32,Qwen2.5-0.5B,0.1644,0.39938533
5000,32,Qwen2.5-1.5B,0.3348,0.58400327
5000,32,Qwen2.5-3B,0.5048,0.7362389
5000,32,Qwen2.5-7B,0.6156,0.81654286
5000,32,deepseek-v3,0.7734,0.91679853
5000,32,gemma-2-2b,0.5106,0.74339134
5000,32,gemma-2-9b,0.6092,0.80423445
5000,32,llama3.1-405b,0.698,0.8629631
5000,32,llama3.3-70b,0.7248,0.8899209
5000,32,mistral-large,0.7196,0.887329
5000,32,qwen2.5-72b,0.643,0.81190985
5000,33,Llama-3.1-8B,0.5888,0.801651
5000,33,Llama-3.2-1B,0.3126,0.57079446
5000,33,Llama-3.2-3B,0.5184,0.75120056
5000,33,Qwen2.5-0.5B,0.1602,0.39519125
5000,33,Qwen2.5-1.5B,0.3318,0.58039546
5000,33,Qwen2.5-3B,0.5038,0.7361476
5000,33,Qwen2.5-7B,0.6174,0.81890893
5000,33,deepseek-v3,0.7754,0.9160422
5000,33,gemma-2-2b,0.514,0.7456826
5000,33,gemma-2-9b,0.6092,0.8037565
5000,33,llama3.1-405b,0.7,0.8653575
5000,33,llama3.3-70b,0.7244,0.88887644
5000,33,mistral-large,0.7184,0.8875639
5000,33,qwen2.5-72b,0.6458,0.8145259
5000,34,Llama-3.1-8B,0.5838,0.80116576
5000,34,Llama-3.2-1B,0.3116,0.56853974
5000,34,Llama-3.2-3B,0.5158,0.75103253
5000,34,Qwen2.5-0.5B,0.1564,0.3919973
5000,34,Qwen2.5-1.5B,0.3332,0.58214587
5000,34,Qwen2.5-3B,0.4978,0.73252416
5000,34,Qwen2.5-7B,0.6152,0.8154323
5000,34,deepseek-v3,0.7718,0.9163245
5000,34,gemma-2-2b,0.5086,0.7419419
5000,34,gemma-2-9b,0.6108,0.80504924
5000,34,llama3.1-405b,0.6924,0.8638413
5000,34,llama3.3-70b,0.7256,0.88935703
5000,34,mistral-large,0.7152,0.8881169
5000,34,qwen2.5-72b,0.6382,0.8105604
5000,35,Llama-3.1-8B,0.5828,0.79976726
5000,35,Llama-3.2-1B,0.3132,0.57147515
5000,35,Llama-3.2-3B,0.5164,0.75109655
5000,35,Qwen2.5-0.5B,0.158,0.39402366
5000,35,Qwen2.5-1.5B,0.3376,0.5849253
5000,35,Qwen2.5-3B,0.5026,0.73388064
5000,35,Qwen2.5-7B,0.6102,0.81392556
5000,35,deepseek-v3,0.7658,0.91389793
5000,35,gemma-2-2b,0.5044,0.74100065
5000,35,gemma-2-9b,0.5986,0.8001489
5000,35,llama3.1-405b,0.6912,0.8635925
5000,35,llama3.3-70b,0.723,0.89071995
5000,35,mistral-large,0.715,0.8870948
5000,35,qwen2.5-72b,0.6438,0.81310445
5000,36,Llama-3.1-8B,0.5856,0.79888874
5000,36,Llama-3.2-1B,0.3094,0.5693281
5000,36,Llama-3.2-3B,0.5146,0.7527277
5000,36,Qwen2.5-0.5B,0.1596,0.39362335
5000,36,Qwen2.5-1.5B,0.3334,0.5810756
5000,36,Qwen2.5-3B,0.4988,0.73208004
5000,36,Qwen2.5-7B,0.615,0.81612873
5000,36,deepseek-v3,0.7698,0.9154351
5000,36,gemma-2-2b,0.5122,0.743333
5000,36,gemma-2-9b,0.6086,0.80299896
5000,36,llama3.1-405b,0.6944,0.8630437
5000,36,llama3.3-70b,0.7226,0.8884638
5000,36,mistral-large,0.7186,0.88737714
5000,36,qwen2.5-72b,0.6472,0.81492037
5000,37,Llama-3.1-8B,0.5868,0.7998284
5000,37,Llama-3.2-1B,0.3132,0.56863636
5000,37,Llama-3.2-3B,0.5216,0.75366604
5000,37,Qwen2.5-0.5B,0.1526,0.38950005
5000,37,Qwen2.5-1.5B,0.3366,0.57992417
5000,37,Qwen2.5-3B,0.4996,0.73338187
5000,37,Qwen2.5-7B,0.6166,0.8166785
5000,37,deepseek-v3,0.7736,0.91683936
5000,37,gemma-2-2b,0.5128,0.74347275
5000,37,gemma-2-9b,0.613,0.80580246
5000,37,llama3.1-405b,0.6986,0.86341894
5000,37,llama3.3-70b,0.7244,0.8883455
5000,37,mistral-large,0.72,0.88875633
5000,37,qwen2.5-72b,0.6482,0.81384003
5000,38,Llama-3.1-8B,0.592,0.80256623
5000,38,Llama-3.2-1B,0.3152,0.57278967
5000,38,Llama-3.2-3B,0.5222,0.7556245
5000,38,Qwen2.5-0.5B,0.1614,0.3960757
5000,38,Qwen2.5-1.5B,0.3364,0.5812295
5000,38,Qwen2.5-3B,0.5002,0.7336404
5000,38,Qwen2.5-7B,0.6208,0.8208973
5000,38,deepseek-v3,0.7748,0.91905457
5000,38,gemma-2-2b,0.5158,0.7457633
5000,38,gemma-2-9b,0.609,0.8037467
5000,38,llama3.1-405b,0.6968,0.8654857
5000,38,llama3.3-70b,0.7274,0.8908358
5000,38,mistral-large,0.7196,0.88988644
5000,38,qwen2.5-72b,0.6446,0.8150726
5000,39,Llama-3.1-8B,0.5824,0.79900366
5000,39,Llama-3.2-1B,0.3076,0.5669414
5000,39,Llama-3.2-3B,0.5128,0.75123745
5000,39,Qwen2.5-0.5B,0.1574,0.39396778
5000,39,Qwen2.5-1.5B,0.3362,0.5842273
5000,39,Qwen2.5-3B,0.5066,0.7353789
5000,39,Qwen2.5-7B,0.6188,0.81977206
5000,39,deepseek-v3,0.772,0.91664374
5000,39,gemma-2-2b,0.5148,0.74617976
5000,39,gemma-2-9b,0.6028,0.80233735
5000,39,llama3.1-405b,0.6956,0.8635794
5000,39,llama3.3-70b,0.7284,0.89215547
5000,39,mistral-large,0.723,0.8892632
5000,39,qwen2.5-72b,0.6452,0.8144314
5000,40,Llama-3.1-8B,0.5854,0.8020306
5000,40,Llama-3.2-1B,0.3132,0.5688165
5000,40,Llama-3.2-3B,0.5188,0.7534219
5000,40,Qwen2.5-0.5B,0.1588,0.3947709
5000,40,Qwen2.5-1.5B,0.333,0.5829596
5000,40,Qwen2.5-3B,0.503,0.7367289
5000,40,Qwen2.5-7B,0.6174,0.8181699
5000,40,deepseek-v3,0.7728,0.9168109
5000,40,gemma-2-2b,0.5086,0.7422754
5000,40,gemma-2-9b,0.607,0.8029102
5000,40,llama3.1-405b,0.6954,0.8647868
5000,40,llama3.3-70b,0.7234,0.8910703
5000,40,mistral-large,0.7164,0.8886837
5000,40,qwen2.5-72b,0.647,0.8160447
5000,41,Llama-3.1-8B,0.5836,0.8016728
5000,41,Llama-3.2-1B,0.314,0.5708437
5000,41,Llama-3.2-3B,0.5136,0.7513039
5000,41,Qwen2.5-0.5B,0.163,0.39655548
5000,41,Qwen2.5-1.5B,0.3326,0.5853222
5000,41,Qwen2.5-3B,0.5052,0.737238
5000,41,Qwen2.5-7B,0.6158,0.8179258
5000,41,deepseek-v3,0.7712,0.91891193
5000,41,gemma-2-2b,0.51,0.743754
5000,41,gemma-2-9b,0.6044,0.8013131
5000,41,llama3.1-405b,0.6942,0.8642185
5000,41,llama3.3-70b,0.725,0.89252716
5000,41,mistral-large,0.7154,0.8881373
5000,41,qwen2.5-72b,0.6428,0.81423634
5000,42,Llama-3.1-8B,0.5848,0.7969606
5000,42,Llama-3.2-1B,0.3076,0.5650158
5000,42,Llama-3.2-3B,0.5154,0.75192195
5000,42,Qwen2.5-0.5B,0.1642,0.39662766
5000,42,Qwen2.5-1.5B,0.3288,0.5810994
5000,42,Qwen2.5-3B,0.5008,0.7308098
5000,42,Qwen2.5-7B,0.613,0.8145204
5000,42,deepseek-v3,0.7722,0.9158087
5000,42,gemma-2-2b,0.5166,0.7463422
5000,42,gemma-2-9b,0.6086,0.80190045
5000,42,llama3.1-405b,0.6958,0.86377794
5000,42,llama3.3-70b,0.7282,0.89183086
5000,42,mistral-large,0.7182,0.8888362
5000,42,qwen2.5-72b,0.6458,0.8140604
5000,43,Llama-3.1-8B,0.58,0.799316
5000,43,Llama-3.2-1B,0.313,0.571169
5000,43,Llama-3.2-3B,0.5144,0.7509516
5000,43,Qwen2.5-0.5B,0.157,0.39189643
5000,43,Qwen2.5-1.5B,0.3326,0.5814999
5000,43,Qwen2.5-3B,0.4974,0.73272586
5000,43,Qwen2.5-7B,0.6126,0.8129813
5000,43,deepseek-v3,0.7682,0.9154381
5000,43,gemma-2-2b,0.5056,0.7393876
5000,43,gemma-2-9b,0.609,0.804497
5000,43,llama3.1-405b,0.6884,0.8622034
5000,43,llama3.3-70b,0.7192,0.88783777
5000,43,mistral-large,0.7158,0.8869741
5000,43,qwen2.5-72b,0.6374,0.8119045
5000,44,Llama-3.1-8B,0.5784,0.7977903
5000,44,Llama-3.2-1B,0.3164,0.5702549
5000,44,Llama-3.2-3B,0.5164,0.75365233
5000,44,Qwen2.5-0.5B,0.1618,0.39744422
5000,44,Qwen2.5-1.5B,0.327,0.5794042
5000,44,Qwen2.5-3B,0.4996,0.73429805
5000,44,Qwen2.5-7B,0.6154,0.8183126
5000,44,deepseek-v3,0.7736,0.9186354
5000,44,gemma-2-2b,0.5122,0.745426
5000,44,gemma-2-9b,0.6008,0.80166936
5000,44,llama3.1-405b,0.6962,0.8662622
5000,44,llama3.3-70b,0.7202,0.889907
5000,44,mistral-large,0.7124,0.88608575
5000,44,qwen2.5-72b,0.6384,0.8101653
5000,45,Llama-3.1-8B,0.5872,0.80150306
5000,45,Llama-3.2-1B,0.3114,0.56806046
5000,45,Llama-3.2-3B,0.5162,0.7500254
5000,45,Qwen2.5-0.5B,0.154,0.3886281
5000,45,Qwen2.5-1.5B,0.3258,0.57732314
5000,45,Qwen2.5-3B,0.4998,0.73455876
5000,45,Qwen2.5-7B,0.6104,0.8153026
5000,45,deepseek-v3,0.7722,0.916099
5000,45,gemma-2-2b,0.5118,0.74255747
5000,45,gemma-2-9b,0.6064,0.80298513
5000,45,llama3.1-405b,0.6994,0.8649275
5000,45,llama3.3-70b,0.7312,0.893167
5000,45,mistral-large,0.723,0.88973486
5000,45,qwen2.5-72b,0.6482,0.8157474
5000,46,Llama-3.1-8B,0.589,0.80330914
5000,46,Llama-3.2-1B,0.3154,0.57480764
5000,46,Llama-3.2-3B,0.5198,0.7582394
5000,46,Qwen2.5-0.5B,0.1588,0.3907328
5000,46,Qwen2.5-1.5B,0.3284,0.5828965
5000,46,Qwen2.5-3B,0.5004,0.73706204
5000,46,Qwen2.5-7B,0.6154,0.81955576
5000,46,deepseek-v3,0.774,0.9194623
5000,46,gemma-2-2b,0.506,0.7411503
5000,46,gemma-2-9b,0.6084,0.8058379
5000,46,llama3.1-405b,0.6914,0.8631102
5000,46,llama3.3-70b,0.7248,0.8920317
5000,46,mistral-large,0.7154,0.8878945
5000,46,qwen2.5-72b,0.6412,0.81370544
5000,47,Llama-3.1-8B,0.5844,0.79875106
5000,47,Llama-3.2-1B,0.311,0.5697673
5000,47,Llama-3.2-3B,0.5152,0.7508913
5000,47,Qwen2.5-0.5B,0.1568,0.39268363
5000,47,Qwen2.5-1.5B,0.327,0.57930315
5000,47,Qwen2.5-3B,0.4912,0.7276075
5000,47,Qwen2.5-7B,0.6068,0.8126001
5000,47,deepseek-v3,0.77,0.9151318
5000,47,gemma-2-2b,0.5074,0.74035364
5000,47,gemma-2-9b,0.6,0.797792
5000,47,llama3.1-405b,0.6902,0.86240613
5000,47,llama3.3-70b,0.7194,0.8878954
5000,47,mistral-large,0.7176,0.88883114
5000,47,qwen2.5-72b,0.6376,0.8071932
5000,48,Llama-3.1-8B,0.582,0.7962372
5000,48,Llama-3.2-1B,0.3146,0.57351816
5000,48,Llama-3.2-3B,0.518,0.75425535
5000,48,Qwen2.5-0.5B,0.1588,0.39382318
5000,48,Qwen2.5-1.5B,0.3342,0.5829307
5000,48,Qwen2.5-3B,0.4998,0.7344449
5000,48,Qwen2.5-7B,0.6132,0.8146963
5000,48,deepseek-v3,0.7692,0.9155215
5000,48,gemma-2-2b,0.5108,0.74368286
5000,48,gemma-2-9b,0.6018,0.80099785
5000,48,llama3.1-405b,0.6928,0.86208963
5000,48,llama3.3-70b,0.7254,0.8902464
5000,48,mistral-large,0.7212,0.8887326
5000,48,qwen2.5-72b,0.6414,0.8101516
5000,49,Llama-3.1-8B,0.586,0.80101436
5000,49,Llama-3.2-1B,0.314,0.5671257
5000,49,Llama-3.2-3B,0.5196,0.7532293
5000,49,Qwen2.5-0.5B,0.1586,0.39347547
5000,49,Qwen2.5-1.5B,0.3302,0.57836026
5000,49,Qwen2.5-3B,0.5004,0.7327577
5000,49,Qwen2.5-7B,0.6106,0.81168264
5000,49,deepseek-v3,0.7676,0.9150302
5000,49,gemma-2-2b,0.5104,0.74264455
5000,49,gemma-2-9b,0.6056,0.80316216
5000,49,llama3.1-405b,0.692,0.8630622
5000,49,llama3.3-70b,0.7256,0.89070195
5000,49,mistral-large,0.7158,0.88766164
5000,49,qwen2.5-72b,0.6398,0.8097805
7523,0,Llama-3.1-8B,0.5848731,0.80002564
7523,0,Llama-3.2-1B,0.31397048,0.5712214
7523,0,Llama-3.2-3B,0.5154858,0.75191295
7523,0,Qwen2.5-0.5B,0.16017546,0.3949767
7523,0,Qwen2.5-1.5B,0.3316496,0.5811428
7523,0,Qwen2.5-3B,0.49966767,0.73448783
7523,0,Qwen2.5-7B,0.61518013,0.8172361
7523,0,deepseek-v3,0.7699056,0.9161997
7523,0,gemma-2-2b,0.51030177,0.74341637
7523,0,gemma-2-9b,0.60614115,0.8030084
7523,0,llama3.1-405b,0.69360626,0.8639233
7523,0,llama3.3-70b,0.7236475,0.8904322
7523,0,mistral-large,0.71779877,0.88869977
7523,0,qwen2.5-72b,0.6436262,0.8135229
7523,1,Llama-3.1-8B,0.5848731,0.80002564
7523,1,Llama-3.2-1B,0.31397048,0.5712214
7523,1,Llama-3.2-3B,0.5154858,0.75191295
7523,1,Qwen2.5-0.5B,0.16017546,0.3949767
7523,1,Qwen2.5-1.5B,0.3316496,0.5811428
7523,1,Qwen2.5-3B,0.49966767,0.73448783
7523,1,Qwen2.5-7B,0.61518013,0.8172361
7523,1,deepseek-v3,0.7699056,0.9161997
7523,1,gemma-2-2b,0.51030177,0.74341637
7523,1,gemma-2-9b,0.60614115,0.8030084
7523,1,llama3.1-405b,0.69360626,0.8639233
7523,1,llama3.3-70b,0.7236475,0.8904322
7523,1,mistral-large,0.71779877,0.88869977
7523,1,qwen2.5-72b,0.6436262,0.8135229
7523,2,Llama-3.1-8B,0.5848731,0.80002564
7523,2,Llama-3.2-1B,0.31397048,0.5712214
7523,2,Llama-3.2-3B,0.5154858,0.75191295
7523,2,Qwen2.5-0.5B,0.16017546,0.3949767
7523,2,Qwen2.5-1.5B,0.3316496,0.5811428
7523,2,Qwen2.5-3B,0.49966767,0.73448783
7523,2,Qwen2.5-7B,0.61518013,0.8172361
7523,2,deepseek-v3,0.7699056,0.9161997
7523,2,gemma-2-2b,0.51030177,0.74341637
7523,2,gemma-2-9b,0.60614115,0.8030084
7523,2,llama3.1-405b,0.69360626,0.8639233
7523,2,llama3.3-70b,0.7236475,0.8904322
7523,2,mistral-large,0.71779877,0.88869977
7523,2,qwen2.5-72b,0.6436262,0.8135229
7523,3,Llama-3.1-8B,0.5848731,0.80002564
7523,3,Llama-3.2-1B,0.31397048,0.5712214
7523,3,Llama-3.2-3B,0.5154858,0.75191295
7523,3,Qwen2.5-0.5B,0.16017546,0.3949767
7523,3,Qwen2.5-1.5B,0.3316496,0.5811428
7523,3,Qwen2.5-3B,0.49966767,0.73448783
7523,3,Qwen2.5-7B,0.61518013,0.8172361
7523,3,deepseek-v3,0.7699056,0.9161997
7523,3,gemma-2-2b,0.51030177,0.74341637
7523,3,gemma-2-9b,0.60614115,0.8030084
7523,3,llama3.1-405b,0.69360626,0.8639233
7523,3,llama3.3-70b,0.7236475,0.8904322
7523,3,mistral-large,0.71779877,0.88869977
7523,3,qwen2.5-72b,0.6436262,0.8135229
7523,4,Llama-3.1-8B,0.5848731,0.80002564
7523,4,Llama-3.2-1B,0.31397048,0.5712214
7523,4,Llama-3.2-3B,0.5154858,0.75191295
7523,4,Qwen2.5-0.5B,0.16017546,0.3949767
7523,4,Qwen2.5-1.5B,0.3316496,0.5811428
7523,4,Qwen2.5-3B,0.49966767,0.73448783
7523,4,Qwen2.5-7B,0.61518013,0.8172361
7523,4,deepseek-v3,0.7699056,0.9161997
7523,4,gemma-2-2b,0.51030177,0.74341637
7523,4,gemma-2-9b,0.60614115,0.8030084
7523,4,llama3.1-405b,0.69360626,0.8639233
7523,4,llama3.3-70b,0.7236475,0.8904322
7523,4,mistral-large,0.71779877,0.88869977
7523,4,qwen2.5-72b,0.6436262,0.8135229
7523,5,Llama-3.1-8B,0.5848731,0.80002564
7523,5,Llama-3.2-1B,0.31397048,0.5712214
7523,5,Llama-3.2-3B,0.5154858,0.75191295
7523,5,Qwen2.5-0.5B,0.16017546,0.3949767
7523,5,Qwen2.5-1.5B,0.3316496,0.5811428
7523,5,Qwen2.5-3B,0.49966767,0.73448783
7523,5,Qwen2.5-7B,0.61518013,0.8172361
7523,5,deepseek-v3,0.7699056,0.9161997
7523,5,gemma-2-2b,0.51030177,0.74341637
7523,5,gemma-2-9b,0.60614115,0.8030084
7523,5,llama3.1-405b,0.69360626,0.8639233
7523,5,llama3.3-70b,0.7236475,0.8904322
7523,5,mistral-large,0.71779877,0.88869977
7523,5,qwen2.5-72b,0.6436262,0.8135229
7523,6,Llama-3.1-8B,0.5848731,0.80002564
7523,6,Llama-3.2-1B,0.31397048,0.5712214
7523,6,Llama-3.2-3B,0.5154858,0.75191295
7523,6,Qwen2.5-0.5B,0.16017546,0.3949767
7523,6,Qwen2.5-1.5B,0.3316496,0.5811428
7523,6,Qwen2.5-3B,0.49966767,0.73448783
7523,6,Qwen2.5-7B,0.61518013,0.8172361
7523,6,deepseek-v3,0.7699056,0.9161997
7523,6,gemma-2-2b,0.51030177,0.74341637
7523,6,gemma-2-9b,0.60614115,0.8030084
7523,6,llama3.1-405b,0.69360626,0.8639233
7523,6,llama3.3-70b,0.7236475,0.8904322
7523,6,mistral-large,0.71779877,0.88869977
7523,6,qwen2.5-72b,0.6436262,0.8135229
7523,7,Llama-3.1-8B,0.5848731,0.80002564
7523,7,Llama-3.2-1B,0.31397048,0.5712214
7523,7,Llama-3.2-3B,0.5154858,0.75191295
7523,7,Qwen2.5-0.5B,0.16017546,0.3949767
7523,7,Qwen2.5-1.5B,0.3316496,0.5811428
7523,7,Qwen2.5-3B,0.49966767,0.73448783
7523,7,Qwen2.5-7B,0.61518013,0.8172361
7523,7,deepseek-v3,0.7699056,0.9161997
7523,7,gemma-2-2b,0.51030177,0.74341637
7523,7,gemma-2-9b,0.60614115,0.8030084
7523,7,llama3.1-405b,0.69360626,0.8639233
7523,7,llama3.3-70b,0.7236475,0.8904322
7523,7,mistral-large,0.71779877,0.88869977
7523,7,qwen2.5-72b,0.6436262,0.8135229
7523,8,Llama-3.1-8B,0.5848731,0.80002564
7523,8,Llama-3.2-1B,0.31397048,0.5712214
7523,8,Llama-3.2-3B,0.5154858,0.75191295
7523,8,Qwen2.5-0.5B,0.16017546,0.3949767
7523,8,Qwen2.5-1.5B,0.3316496,0.5811428
7523,8,Qwen2.5-3B,0.49966767,0.73448783
7523,8,Qwen2.5-7B,0.61518013,0.8172361
7523,8,deepseek-v3,0.7699056,0.9161997
7523,8,gemma-2-2b,0.51030177,0.74341637
7523,8,gemma-2-9b,0.60614115,0.8030084
7523,8,llama3.1-405b,0.69360626,0.8639233
7523,8,llama3.3-70b,0.7236475,0.8904322
7523,8,mistral-large,0.71779877,0.88869977
7523,8,qwen2.5-72b,0.6436262,0.8135229
7523,9,Llama-3.1-8B,0.5848731,0.80002564
7523,9,Llama-3.2-1B,0.31397048,0.5712214
7523,9,Llama-3.2-3B,0.5154858,0.75191295
7523,9,Qwen2.5-0.5B,0.16017546,0.3949767
7523,9,Qwen2.5-1.5B,0.3316496,0.5811428
7523,9,Qwen2.5-3B,0.49966767,0.73448783
7523,9,Qwen2.5-7B,0.61518013,0.8172361
7523,9,deepseek-v3,0.7699056,0.9161997
7523,9,gemma-2-2b,0.51030177,0.74341637
7523,9,gemma-2-9b,0.60614115,0.8030084
7523,9,llama3.1-405b,0.69360626,0.8639233
7523,9,llama3.3-70b,0.7236475,0.8904322
7523,9,mistral-large,0.71779877,0.88869977
7523,9,qwen2.5-72b,0.6436262,0.8135229
7523,10,Llama-3.1-8B,0.5848731,0.80002564
7523,10,Llama-3.2-1B,0.31397048,0.5712214
7523,10,Llama-3.2-3B,0.5154858,0.75191295
7523,10,Qwen2.5-0.5B,0.16017546,0.3949767
7523,10,Qwen2.5-1.5B,0.3316496,0.5811428
7523,10,Qwen2.5-3B,0.49966767,0.73448783
7523,10,Qwen2.5-7B,0.61518013,0.8172361
7523,10,deepseek-v3,0.7699056,0.9161997
7523,10,gemma-2-2b,0.51030177,0.74341637
7523,10,gemma-2-9b,0.60614115,0.8030084
7523,10,llama3.1-405b,0.69360626,0.8639233
7523,10,llama3.3-70b,0.7236475,0.8904322
7523,10,mistral-large,0.71779877,0.88869977
7523,10,qwen2.5-72b,0.6436262,0.8135229
7523,11,Llama-3.1-8B,0.5848731,0.80002564
7523,11,Llama-3.2-1B,0.31397048,0.5712214
7523,11,Llama-3.2-3B,0.5154858,0.75191295
7523,11,Qwen2.5-0.5B,0.16017546,0.3949767
7523,11,Qwen2.5-1.5B,0.3316496,0.5811428
7523,11,Qwen2.5-3B,0.49966767,0.73448783
7523,11,Qwen2.5-7B,0.61518013,0.8172361
7523,11,deepseek-v3,0.7699056,0.9161997
7523,11,gemma-2-2b,0.51030177,0.74341637
7523,11,gemma-2-9b,0.60614115,0.8030084
7523,11,llama3.1-405b,0.69360626,0.8639233
7523,11,llama3.3-70b,0.7236475,0.8904322
7523,11,mistral-large,0.71779877,0.88869977
7523,11,qwen2.5-72b,0.6436262,0.8135229
7523,12,Llama-3.1-8B,0.5848731,0.80002564
7523,12,Llama-3.2-1B,0.31397048,0.5712214
7523,12,Llama-3.2-3B,0.5154858,0.75191295
7523,12,Qwen2.5-0.5B,0.16017546,0.3949767
7523,12,Qwen2.5-1.5B,0.3316496,0.5811428
7523,12,Qwen2.5-3B,0.49966767,0.73448783
7523,12,Qwen2.5-7B,0.61518013,0.8172361
7523,12,deepseek-v3,0.7699056,0.9161997
7523,12,gemma-2-2b,0.51030177,0.74341637
7523,12,gemma-2-9b,0.60614115,0.8030084
7523,12,llama3.1-405b,0.69360626,0.8639233
7523,12,llama3.3-70b,0.7236475,0.8904322
7523,12,mistral-large,0.71779877,0.88869977
7523,12,qwen2.5-72b,0.6436262,0.8135229
7523,13,Llama-3.1-8B,0.5848731,0.80002564
7523,13,Llama-3.2-1B,0.31397048,0.5712214
7523,13,Llama-3.2-3B,0.5154858,0.75191295
7523,13,Qwen2.5-0.5B,0.16017546,0.3949767
7523,13,Qwen2.5-1.5B,0.3316496,0.5811428
7523,13,Qwen2.5-3B,0.49966767,0.73448783
7523,13,Qwen2.5-7B,0.61518013,0.8172361
7523,13,deepseek-v3,0.7699056,0.9161997
7523,13,gemma-2-2b,0.51030177,0.74341637
7523,13,gemma-2-9b,0.60614115,0.8030084
7523,13,llama3.1-405b,0.69360626,0.8639233
7523,13,llama3.3-70b,0.7236475,0.8904322
7523,13,mistral-large,0.71779877,0.88869977
7523,13,qwen2.5-72b,0.6436262,0.8135229
7523,14,Llama-3.1-8B,0.5848731,0.80002564
7523,14,Llama-3.2-1B,0.31397048,0.5712214
7523,14,Llama-3.2-3B,0.5154858,0.75191295
7523,14,Qwen2.5-0.5B,0.16017546,0.3949767
7523,14,Qwen2.5-1.5B,0.3316496,0.5811428
7523,14,Qwen2.5-3B,0.49966767,0.73448783
7523,14,Qwen2.5-7B,0.61518013,0.8172361
7523,14,deepseek-v3,0.7699056,0.9161997
7523,14,gemma-2-2b,0.51030177,0.74341637
7523,14,gemma-2-9b,0.60614115,0.8030084
7523,14,llama3.1-405b,0.69360626,0.8639233
7523,14,llama3.3-70b,0.7236475,0.8904322
7523,14,mistral-large,0.71779877,0.88869977
7523,14,qwen2.5-72b,0.6436262,0.8135229
7523,15,Llama-3.1-8B,0.5848731,0.80002564
7523,15,Llama-3.2-1B,0.31397048,0.5712214
7523,15,Llama-3.2-3B,0.5154858,0.75191295
7523,15,Qwen2.5-0.5B,0.16017546,0.3949767
7523,15,Qwen2.5-1.5B,0.3316496,0.5811428
7523,15,Qwen2.5-3B,0.49966767,0.73448783
7523,15,Qwen2.5-7B,0.61518013,0.8172361
7523,15,deepseek-v3,0.7699056,0.9161997
7523,15,gemma-2-2b,0.51030177,0.74341637
7523,15,gemma-2-9b,0.60614115,0.8030084
7523,15,llama3.1-405b,0.69360626,0.8639233
7523,15,llama3.3-70b,0.7236475,0.8904322
7523,15,mistral-large,0.71779877,0.88869977
7523,15,qwen2.5-72b,0.6436262,0.8135229
7523,16,Llama-3.1-8B,0.5848731,0.80002564
7523,16,Llama-3.2-1B,0.31397048,0.5712214
7523,16,Llama-3.2-3B,0.5154858,0.75191295
7523,16,Qwen2.5-0.5B,0.16017546,0.3949767
7523,16,Qwen2.5-1.5B,0.3316496,0.5811428
7523,16,Qwen2.5-3B,0.49966767,0.73448783
7523,16,Qwen2.5-7B,0.61518013,0.8172361
7523,16,deepseek-v3,0.7699056,0.9161997
7523,16,gemma-2-2b,0.51030177,0.74341637
7523,16,gemma-2-9b,0.60614115,0.8030084
7523,16,llama3.1-405b,0.69360626,0.8639233
7523,16,llama3.3-70b,0.7236475,0.8904322
7523,16,mistral-large,0.71779877,0.88869977
7523,16,qwen2.5-72b,0.6436262,0.8135229
7523,17,Llama-3.1-8B,0.5848731,0.80002564
7523,17,Llama-3.2-1B,0.31397048,0.5712214
7523,17,Llama-3.2-3B,0.5154858,0.75191295
7523,17,Qwen2.5-0.5B,0.16017546,0.3949767
7523,17,Qwen2.5-1.5B,0.3316496,0.5811428
7523,17,Qwen2.5-3B,0.49966767,0.73448783
7523,17,Qwen2.5-7B,0.61518013,0.8172361
7523,17,deepseek-v3,0.7699056,0.9161997
7523,17,gemma-2-2b,0.51030177,0.74341637
7523,17,gemma-2-9b,0.60614115,0.8030084
7523,17,llama3.1-405b,0.69360626,0.8639233
7523,17,llama3.3-70b,0.7236475,0.8904322
7523,17,mistral-large,0.71779877,0.88869977
7523,17,qwen2.5-72b,0.6436262,0.8135229
7523,18,Llama-3.1-8B,0.5848731,0.80002564
7523,18,Llama-3.2-1B,0.31397048,0.5712214
7523,18,Llama-3.2-3B,0.5154858,0.75191295
7523,18,Qwen2.5-0.5B,0.16017546,0.3949767
7523,18,Qwen2.5-1.5B,0.3316496,0.5811428
7523,18,Qwen2.5-3B,0.49966767,0.73448783
7523,18,Qwen2.5-7B,0.61518013,0.8172361
7523,18,deepseek-v3,0.7699056,0.9161997
7523,18,gemma-2-2b,0.51030177,0.74341637
7523,18,gemma-2-9b,0.60614115,0.8030084
7523,18,llama3.1-405b,0.69360626,0.8639233
7523,18,llama3.3-70b,0.7236475,0.8904322
7523,18,mistral-large,0.71779877,0.88869977
7523,18,qwen2.5-72b,0.6436262,0.8135229
7523,19,Llama-3.1-8B,0.5848731,0.80002564
7523,19,Llama-3.2-1B,0.31397048,0.5712214
7523,19,Llama-3.2-3B,0.5154858,0.75191295
7523,19,Qwen2.5-0.5B,0.16017546,0.3949767
7523,19,Qwen2.5-1.5B,0.3316496,0.5811428
7523,19,Qwen2.5-3B,0.49966767,0.73448783
7523,19,Qwen2.5-7B,0.61518013,0.8172361
7523,19,deepseek-v3,0.7699056,0.9161997
7523,19,gemma-2-2b,0.51030177,0.74341637
7523,19,gemma-2-9b,0.60614115,0.8030084
7523,19,llama3.1-405b,0.69360626,0.8639233
7523,19,llama3.3-70b,0.7236475,0.8904322
7523,19,mistral-large,0.71779877,0.88869977
7523,19,qwen2.5-72b,0.6436262,0.8135229
7523,20,Llama-3.1-8B,0.5848731,0.80002564
7523,20,Llama-3.2-1B,0.31397048,0.5712214
7523,20,Llama-3.2-3B,0.5154858,0.75191295
7523,20,Qwen2.5-0.5B,0.16017546,0.3949767
7523,20,Qwen2.5-1.5B,0.3316496,0.5811428
7523,20,Qwen2.5-3B,0.49966767,0.73448783
7523,20,Qwen2.5-7B,0.61518013,0.8172361
7523,20,deepseek-v3,0.7699056,0.9161997
7523,20,gemma-2-2b,0.51030177,0.74341637
7523,20,gemma-2-9b,0.60614115,0.8030084
7523,20,llama3.1-405b,0.69360626,0.8639233
7523,20,llama3.3-70b,0.7236475,0.8904322
7523,20,mistral-large,0.71779877,0.88869977
7523,20,qwen2.5-72b,0.6436262,0.8135229
7523,21,Llama-3.1-8B,0.5848731,0.80002564
7523,21,Llama-3.2-1B,0.31397048,0.5712214
7523,21,Llama-3.2-3B,0.5154858,0.75191295
7523,21,Qwen2.5-0.5B,0.16017546,0.3949767
7523,21,Qwen2.5-1.5B,0.3316496,0.5811428
7523,21,Qwen2.5-3B,0.49966767,0.73448783
7523,21,Qwen2.5-7B,0.61518013,0.8172361
7523,21,deepseek-v3,0.7699056,0.9161997
7523,21,gemma-2-2b,0.51030177,0.74341637
7523,21,gemma-2-9b,0.60614115,0.8030084
7523,21,llama3.1-405b,0.69360626,0.8639233
7523,21,llama3.3-70b,0.7236475,0.8904322
7523,21,mistral-large,0.71779877,0.88869977
7523,21,qwen2.5-72b,0.6436262,0.8135229
7523,22,Llama-3.1-8B,0.5848731,0.80002564
7523,22,Llama-3.2-1B,0.31397048,0.5712214
7523,22,Llama-3.2-3B,0.5154858,0.75191295
7523,22,Qwen2.5-0.5B,0.16017546,0.3949767
7523,22,Qwen2.5-1.5B,0.3316496,0.5811428
7523,22,Qwen2.5-3B,0.49966767,0.73448783
7523,22,Qwen2.5-7B,0.61518013,0.8172361
7523,22,deepseek-v3,0.7699056,0.9161997
7523,22,gemma-2-2b,0.51030177,0.74341637
7523,22,gemma-2-9b,0.60614115,0.8030084
7523,22,llama3.1-405b,0.69360626,0.8639233
7523,22,llama3.3-70b,0.7236475,0.8904322
7523,22,mistral-large,0.71779877,0.88869977
7523,22,qwen2.5-72b,0.6436262,0.8135229
7523,23,Llama-3.1-8B,0.5848731,0.80002564
7523,23,Llama-3.2-1B,0.31397048,0.5712214
7523,23,Llama-3.2-3B,0.5154858,0.75191295
7523,23,Qwen2.5-0.5B,0.16017546,0.3949767
7523,23,Qwen2.5-1.5B,0.3316496,0.5811428
7523,23,Qwen2.5-3B,0.49966767,0.73448783
7523,23,Qwen2.5-7B,0.61518013,0.8172361
7523,23,deepseek-v3,0.7699056,0.9161997
7523,23,gemma-2-2b,0.51030177,0.74341637
7523,23,gemma-2-9b,0.60614115,0.8030084
7523,23,llama3.1-405b,0.69360626,0.8639233
7523,23,llama3.3-70b,0.7236475,0.8904322
7523,23,mistral-large,0.71779877,0.88869977
7523,23,qwen2.5-72b,0.6436262,0.8135229
7523,24,Llama-3.1-8B,0.5848731,0.80002564
7523,24,Llama-3.2-1B,0.31397048,0.5712214
7523,24,Llama-3.2-3B,0.5154858,0.75191295
7523,24,Qwen2.5-0.5B,0.16017546,0.3949767
7523,24,Qwen2.5-1.5B,0.3316496,0.5811428
7523,24,Qwen2.5-3B,0.49966767,0.73448783
7523,24,Qwen2.5-7B,0.61518013,0.8172361
7523,24,deepseek-v3,0.7699056,0.9161997
7523,24,gemma-2-2b,0.51030177,0.74341637
7523,24,gemma-2-9b,0.60614115,0.8030084
7523,24,llama3.1-405b,0.69360626,0.8639233
7523,24,llama3.3-70b,0.7236475,0.8904322
7523,24,mistral-large,0.71779877,0.88869977
7523,24,qwen2.5-72b,0.6436262,0.8135229
7523,25,Llama-3.1-8B,0.5848731,0.80002564
7523,25,Llama-3.2-1B,0.31397048,0.5712214
7523,25,Llama-3.2-3B,0.5154858,0.75191295
7523,25,Qwen2.5-0.5B,0.16017546,0.3949767
7523,25,Qwen2.5-1.5B,0.3316496,0.5811428
7523,25,Qwen2.5-3B,0.49966767,0.73448783
7523,25,Qwen2.5-7B,0.61518013,0.8172361
7523,25,deepseek-v3,0.7699056,0.9161997
7523,25,gemma-2-2b,0.51030177,0.74341637
7523,25,gemma-2-9b,0.60614115,0.8030084
7523,25,llama3.1-405b,0.69360626,0.8639233
7523,25,llama3.3-70b,0.7236475,0.8904322
7523,25,mistral-large,0.71779877,0.88869977
7523,25,qwen2.5-72b,0.6436262,0.8135229
7523,26,Llama-3.1-8B,0.5848731,0.80002564
7523,26,Llama-3.2-1B,0.31397048,0.5712214
7523,26,Llama-3.2-3B,0.5154858,0.75191295
7523,26,Qwen2.5-0.5B,0.16017546,0.3949767
7523,26,Qwen2.5-1.5B,0.3316496,0.5811428
7523,26,Qwen2.5-3B,0.49966767,0.73448783
7523,26,Qwen2.5-7B,0.61518013,0.8172361
7523,26,deepseek-v3,0.7699056,0.9161997
7523,26,gemma-2-2b,0.51030177,0.74341637
7523,26,gemma-2-9b,0.60614115,0.8030084
7523,26,llama3.1-405b,0.69360626,0.8639233
7523,26,llama3.3-70b,0.7236475,0.8904322
7523,26,mistral-large,0.71779877,0.88869977
7523,26,qwen2.5-72b,0.6436262,0.8135229
7523,27,Llama-3.1-8B,0.5848731,0.80002564
7523,27,Llama-3.2-1B,0.31397048,0.5712214
7523,27,Llama-3.2-3B,0.5154858,0.75191295
7523,27,Qwen2.5-0.5B,0.16017546,0.3949767
7523,27,Qwen2.5-1.5B,0.3316496,0.5811428
7523,27,Qwen2.5-3B,0.49966767,0.73448783
7523,27,Qwen2.5-7B,0.61518013,0.8172361
7523,27,deepseek-v3,0.7699056,0.9161997
7523,27,gemma-2-2b,0.51030177,0.74341637
7523,27,gemma-2-9b,0.60614115,0.8030084
7523,27,llama3.1-405b,0.69360626,0.8639233
7523,27,llama3.3-70b,0.7236475,0.8904322
7523,27,mistral-large,0.71779877,0.88869977
7523,27,qwen2.5-72b,0.6436262,0.8135229
7523,28,Llama-3.1-8B,0.5848731,0.80002564
7523,28,Llama-3.2-1B,0.31397048,0.5712214
7523,28,Llama-3.2-3B,0.5154858,0.75191295
7523,28,Qwen2.5-0.5B,0.16017546,0.3949767
7523,28,Qwen2.5-1.5B,0.3316496,0.5811428
7523,28,Qwen2.5-3B,0.49966767,0.73448783
7523,28,Qwen2.5-7B,0.61518013,0.8172361
7523,28,deepseek-v3,0.7699056,0.9161997
7523,28,gemma-2-2b,0.51030177,0.74341637
7523,28,gemma-2-9b,0.60614115,0.8030084
7523,28,llama3.1-405b,0.69360626,0.8639233
7523,28,llama3.3-70b,0.7236475,0.8904322
7523,28,mistral-large,0.71779877,0.88869977
7523,28,qwen2.5-72b,0.6436262,0.8135229
7523,29,Llama-3.1-8B,0.5848731,0.80002564
7523,29,Llama-3.2-1B,0.31397048,0.5712214
7523,29,Llama-3.2-3B,0.5154858,0.75191295
7523,29,Qwen2.5-0.5B,0.16017546,0.3949767
7523,29,Qwen2.5-1.5B,0.3316496,0.5811428
7523,29,Qwen2.5-3B,0.49966767,0.73448783
7523,29,Qwen2.5-7B,0.61518013,0.8172361
7523,29,deepseek-v3,0.7699056,0.9161997
7523,29,gemma-2-2b,0.51030177,0.74341637
7523,29,gemma-2-9b,0.60614115,0.8030084
7523,29,llama3.1-405b,0.69360626,0.8639233
7523,29,llama3.3-70b,0.7236475,0.8904322
7523,29,mistral-large,0.71779877,0.88869977
7523,29,qwen2.5-72b,0.6436262,0.8135229
7523,30,Llama-3.1-8B,0.5848731,0.80002564
7523,30,Llama-3.2-1B,0.31397048,0.5712214
7523,30,Llama-3.2-3B,0.5154858,0.75191295
7523,30,Qwen2.5-0.5B,0.16017546,0.3949767
7523,30,Qwen2.5-1.5B,0.3316496,0.5811428
7523,30,Qwen2.5-3B,0.49966767,0.73448783
7523,30,Qwen2.5-7B,0.61518013,0.8172361
7523,30,deepseek-v3,0.7699056,0.9161997
7523,30,gemma-2-2b,0.51030177,0.74341637
7523,30,gemma-2-9b,0.60614115,0.8030084
7523,30,llama3.1-405b,0.69360626,0.8639233
7523,30,llama3.3-70b,0.7236475,0.8904322
7523,30,mistral-large,0.71779877,0.88869977
7523,30,qwen2.5-72b,0.6436262,0.8135229
7523,31,Llama-3.1-8B,0.5848731,0.80002564
7523,31,Llama-3.2-1B,0.31397048,0.5712214
7523,31,Llama-3.2-3B,0.5154858,0.75191295
7523,31,Qwen2.5-0.5B,0.16017546,0.3949767
7523,31,Qwen2.5-1.5B,0.3316496,0.5811428
7523,31,Qwen2.5-3B,0.49966767,0.73448783
7523,31,Qwen2.5-7B,0.61518013,0.8172361
7523,31,deepseek-v3,0.7699056,0.9161997
7523,31,gemma-2-2b,0.51030177,0.74341637
7523,31,gemma-2-9b,0.60614115,0.8030084
7523,31,llama3.1-405b,0.69360626,0.8639233
7523,31,llama3.3-70b,0.7236475,0.8904322
7523,31,mistral-large,0.71779877,0.88869977
7523,31,qwen2.5-72b,0.6436262,0.8135229
7523,32,Llama-3.1-8B,0.5848731,0.80002564
7523,32,Llama-3.2-1B,0.31397048,0.5712214
7523,32,Llama-3.2-3B,0.5154858,0.75191295
7523,32,Qwen2.5-0.5B,0.16017546,0.3949767
7523,32,Qwen2.5-1.5B,0.3316496,0.5811428
7523,32,Qwen2.5-3B,0.49966767,0.73448783
7523,32,Qwen2.5-7B,0.61518013,0.8172361
7523,32,deepseek-v3,0.7699056,0.9161997
7523,32,gemma-2-2b,0.51030177,0.74341637
7523,32,gemma-2-9b,0.60614115,0.8030084
7523,32,llama3.1-405b,0.69360626,0.8639233
7523,32,llama3.3-70b,0.7236475,0.8904322
7523,32,mistral-large,0.71779877,0.88869977
7523,32,qwen2.5-72b,0.6436262,0.8135229
7523,33,Llama-3.1-8B,0.5848731,0.80002564
7523,33,Llama-3.2-1B,0.31397048,0.5712214
7523,33,Llama-3.2-3B,0.5154858,0.75191295
7523,33,Qwen2.5-0.5B,0.16017546,0.3949767
7523,33,Qwen2.5-1.5B,0.3316496,0.5811428
7523,33,Qwen2.5-3B,0.49966767,0.73448783
7523,33,Qwen2.5-7B,0.61518013,0.8172361
7523,33,deepseek-v3,0.7699056,0.9161997
7523,33,gemma-2-2b,0.51030177,0.74341637
7523,33,gemma-2-9b,0.60614115,0.8030084
7523,33,llama3.1-405b,0.69360626,0.8639233
7523,33,llama3.3-70b,0.7236475,0.8904322
7523,33,mistral-large,0.71779877,0.88869977
7523,33,qwen2.5-72b,0.6436262,0.8135229
7523,34,Llama-3.1-8B,0.5848731,0.80002564
7523,34,Llama-3.2-1B,0.31397048,0.5712214
7523,34,Llama-3.2-3B,0.5154858,0.75191295
7523,34,Qwen2.5-0.5B,0.16017546,0.3949767
7523,34,Qwen2.5-1.5B,0.3316496,0.5811428
7523,34,Qwen2.5-3B,0.49966767,0.73448783
7523,34,Qwen2.5-7B,0.61518013,0.8172361
7523,34,deepseek-v3,0.7699056,0.9161997
7523,34,gemma-2-2b,0.51030177,0.74341637
7523,34,gemma-2-9b,0.60614115,0.8030084
7523,34,llama3.1-405b,0.69360626,0.8639233
7523,34,llama3.3-70b,0.7236475,0.8904322
7523,34,mistral-large,0.71779877,0.88869977
7523,34,qwen2.5-72b,0.6436262,0.8135229
7523,35,Llama-3.1-8B,0.5848731,0.80002564
7523,35,Llama-3.2-1B,0.31397048,0.5712214
7523,35,Llama-3.2-3B,0.5154858,0.75191295
7523,35,Qwen2.5-0.5B,0.16017546,0.3949767
7523,35,Qwen2.5-1.5B,0.3316496,0.5811428
7523,35,Qwen2.5-3B,0.49966767,0.73448783
7523,35,Qwen2.5-7B,0.61518013,0.8172361
7523,35,deepseek-v3,0.7699056,0.9161997
7523,35,gemma-2-2b,0.51030177,0.74341637
7523,35,gemma-2-9b,0.60614115,0.8030084
7523,35,llama3.1-405b,0.69360626,0.8639233
7523,35,llama3.3-70b,0.7236475,0.8904322
7523,35,mistral-large,0.71779877,0.88869977
7523,35,qwen2.5-72b,0.6436262,0.8135229
7523,36,Llama-3.1-8B,0.5848731,0.80002564
7523,36,Llama-3.2-1B,0.31397048,0.5712214
7523,36,Llama-3.2-3B,0.5154858,0.75191295
7523,36,Qwen2.5-0.5B,0.16017546,0.3949767
7523,36,Qwen2.5-1.5B,0.3316496,0.5811428
7523,36,Qwen2.5-3B,0.49966767,0.73448783
7523,36,Qwen2.5-7B,0.61518013,0.8172361
7523,36,deepseek-v3,0.7699056,0.9161997
7523,36,gemma-2-2b,0.51030177,0.74341637
7523,36,gemma-2-9b,0.60614115,0.8030084
7523,36,llama3.1-405b,0.69360626,0.8639233
7523,36,llama3.3-70b,0.7236475,0.8904322
7523,36,mistral-large,0.71779877,0.88869977
7523,36,qwen2.5-72b,0.6436262,0.8135229
7523,37,Llama-3.1-8B,0.5848731,0.80002564
7523,37,Llama-3.2-1B,0.31397048,0.5712214
7523,37,Llama-3.2-3B,0.5154858,0.75191295
7523,37,Qwen2.5-0.5B,0.16017546,0.3949767
7523,37,Qwen2.5-1.5B,0.3316496,0.5811428
7523,37,Qwen2.5-3B,0.49966767,0.73448783
7523,37,Qwen2.5-7B,0.61518013,0.8172361
7523,37,deepseek-v3,0.7699056,0.9161997
7523,37,gemma-2-2b,0.51030177,0.74341637
7523,37,gemma-2-9b,0.60614115,0.8030084
7523,37,llama3.1-405b,0.69360626,0.8639233
7523,37,llama3.3-70b,0.7236475,0.8904322
7523,37,mistral-large,0.71779877,0.88869977
7523,37,qwen2.5-72b,0.6436262,0.8135229
7523,38,Llama-3.1-8B,0.5848731,0.80002564
7523,38,Llama-3.2-1B,0.31397048,0.5712214
7523,38,Llama-3.2-3B,0.5154858,0.75191295
7523,38,Qwen2.5-0.5B,0.16017546,0.3949767
7523,38,Qwen2.5-1.5B,0.3316496,0.5811428
7523,38,Qwen2.5-3B,0.49966767,0.73448783
7523,38,Qwen2.5-7B,0.61518013,0.8172361
7523,38,deepseek-v3,0.7699056,0.9161997
7523,38,gemma-2-2b,0.51030177,0.74341637
7523,38,gemma-2-9b,0.60614115,0.8030084
7523,38,llama3.1-405b,0.69360626,0.8639233
7523,38,llama3.3-70b,0.7236475,0.8904322
7523,38,mistral-large,0.71779877,0.88869977
7523,38,qwen2.5-72b,0.6436262,0.8135229
7523,39,Llama-3.1-8B,0.5848731,0.80002564
7523,39,Llama-3.2-1B,0.31397048,0.5712214
7523,39,Llama-3.2-3B,0.5154858,0.75191295
7523,39,Qwen2.5-0.5B,0.16017546,0.3949767
7523,39,Qwen2.5-1.5B,0.3316496,0.5811428
7523,39,Qwen2.5-3B,0.49966767,0.73448783
7523,39,Qwen2.5-7B,0.61518013,0.8172361
7523,39,deepseek-v3,0.7699056,0.9161997
7523,39,gemma-2-2b,0.51030177,0.74341637
7523,39,gemma-2-9b,0.60614115,0.8030084
7523,39,llama3.1-405b,0.69360626,0.8639233
7523,39,llama3.3-70b,0.7236475,0.8904322
7523,39,mistral-large,0.71779877,0.88869977
7523,39,qwen2.5-72b,0.6436262,0.8135229
7523,40,Llama-3.1-8B,0.5848731,0.80002564
7523,40,Llama-3.2-1B,0.31397048,0.5712214
7523,40,Llama-3.2-3B,0.5154858,0.75191295
7523,40,Qwen2.5-0.5B,0.16017546,0.3949767
7523,40,Qwen2.5-1.5B,0.3316496,0.5811428
7523,40,Qwen2.5-3B,0.49966767,0.73448783
7523,40,Qwen2.5-7B,0.61518013,0.8172361
7523,40,deepseek-v3,0.7699056,0.9161997
7523,40,gemma-2-2b,0.51030177,0.74341637
7523,40,gemma-2-9b,0.60614115,0.8030084
7523,40,llama3.1-405b,0.69360626,0.8639233
7523,40,llama3.3-70b,0.7236475,0.8904322
7523,40,mistral-large,0.71779877,0.88869977
7523,40,qwen2.5-72b,0.6436262,0.8135229
7523,41,Llama-3.1-8B,0.5848731,0.80002564
7523,41,Llama-3.2-1B,0.31397048,0.5712214
7523,41,Llama-3.2-3B,0.5154858,0.75191295
7523,41,Qwen2.5-0.5B,0.16017546,0.3949767
7523,41,Qwen2.5-1.5B,0.3316496,0.5811428
7523,41,Qwen2.5-3B,0.49966767,0.73448783
7523,41,Qwen2.5-7B,0.61518013,0.8172361
7523,41,deepseek-v3,0.7699056,0.9161997
7523,41,gemma-2-2b,0.51030177,0.74341637
7523,41,gemma-2-9b,0.60614115,0.8030084
7523,41,llama3.1-405b,0.69360626,0.8639233
7523,41,llama3.3-70b,0.7236475,0.8904322
7523,41,mistral-large,0.71779877,0.88869977
7523,41,qwen2.5-72b,0.6436262,0.8135229
7523,42,Llama-3.1-8B,0.5848731,0.80002564
7523,42,Llama-3.2-1B,0.31397048,0.5712214
7523,42,Llama-3.2-3B,0.5154858,0.75191295
7523,42,Qwen2.5-0.5B,0.16017546,0.3949767
7523,42,Qwen2.5-1.5B,0.3316496,0.5811428
7523,42,Qwen2.5-3B,0.49966767,0.73448783
7523,42,Qwen2.5-7B,0.61518013,0.8172361
7523,42,deepseek-v3,0.7699056,0.9161997
7523,42,gemma-2-2b,0.51030177,0.74341637
7523,42,gemma-2-9b,0.60614115,0.8030084
7523,42,llama3.1-405b,0.69360626,0.8639233
7523,42,llama3.3-70b,0.7236475,0.8904322
7523,42,mistral-large,0.71779877,0.88869977
7523,42,qwen2.5-72b,0.6436262,0.8135229
7523,43,Llama-3.1-8B,0.5848731,0.80002564
7523,43,Llama-3.2-1B,0.31397048,0.5712214
7523,43,Llama-3.2-3B,0.5154858,0.75191295
7523,43,Qwen2.5-0.5B,0.16017546,0.3949767
7523,43,Qwen2.5-1.5B,0.3316496,0.5811428
7523,43,Qwen2.5-3B,0.49966767,0.73448783
7523,43,Qwen2.5-7B,0.61518013,0.8172361
7523,43,deepseek-v3,0.7699056,0.9161997
7523,43,gemma-2-2b,0.51030177,0.74341637
7523,43,gemma-2-9b,0.60614115,0.8030084
7523,43,llama3.1-405b,0.69360626,0.8639233
7523,43,llama3.3-70b,0.7236475,0.8904322
7523,43,mistral-large,0.71779877,0.88869977
7523,43,qwen2.5-72b,0.6436262,0.8135229
7523,44,Llama-3.1-8B,0.5848731,0.80002564
7523,44,Llama-3.2-1B,0.31397048,0.5712214
7523,44,Llama-3.2-3B,0.5154858,0.75191295
7523,44,Qwen2.5-0.5B,0.16017546,0.3949767
7523,44,Qwen2.5-1.5B,0.3316496,0.5811428
7523,44,Qwen2.5-3B,0.49966767,0.73448783
7523,44,Qwen2.5-7B,0.61518013,0.8172361
7523,44,deepseek-v3,0.7699056,0.9161997
7523,44,gemma-2-2b,0.51030177,0.74341637
7523,44,gemma-2-9b,0.60614115,0.8030084
7523,44,llama3.1-405b,0.69360626,0.8639233
7523,44,llama3.3-70b,0.7236475,0.8904322
7523,44,mistral-large,0.71779877,0.88869977
7523,44,qwen2.5-72b,0.6436262,0.8135229
7523,45,Llama-3.1-8B,0.5848731,0.80002564
7523,45,Llama-3.2-1B,0.31397048,0.5712214
7523,45,Llama-3.2-3B,0.5154858,0.75191295
7523,45,Qwen2.5-0.5B,0.16017546,0.3949767
7523,45,Qwen2.5-1.5B,0.3316496,0.5811428
7523,45,Qwen2.5-3B,0.49966767,0.73448783
7523,45,Qwen2.5-7B,0.61518013,0.8172361
7523,45,deepseek-v3,0.7699056,0.9161997
7523,45,gemma-2-2b,0.51030177,0.74341637
7523,45,gemma-2-9b,0.60614115,0.8030084
7523,45,llama3.1-405b,0.69360626,0.8639233
7523,45,llama3.3-70b,0.7236475,0.8904322
7523,45,mistral-large,0.71779877,0.88869977
7523,45,qwen2.5-72b,0.6436262,0.8135229
7523,46,Llama-3.1-8B,0.5848731,0.80002564
7523,46,Llama-3.2-1B,0.31397048,0.5712214
7523,46,Llama-3.2-3B,0.5154858,0.75191295
7523,46,Qwen2.5-0.5B,0.16017546,0.3949767
7523,46,Qwen2.5-1.5B,0.3316496,0.5811428
7523,46,Qwen2.5-3B,0.49966767,0.73448783
7523,46,Qwen2.5-7B,0.61518013,0.8172361
7523,46,deepseek-v3,0.7699056,0.9161997
7523,46,gemma-2-2b,0.51030177,0.74341637
7523,46,gemma-2-9b,0.60614115,0.8030084
7523,46,llama3.1-405b,0.69360626,0.8639233
7523,46,llama3.3-70b,0.7236475,0.8904322
7523,46,mistral-large,0.71779877,0.88869977
7523,46,qwen2.5-72b,0.6436262,0.8135229
7523,47,Llama-3.1-8B,0.5848731,0.80002564
7523,47,Llama-3.2-1B,0.31397048,0.5712214
7523,47,Llama-3.2-3B,0.5154858,0.75191295
7523,47,Qwen2.5-0.5B,0.16017546,0.3949767
7523,47,Qwen2.5-1.5B,0.3316496,0.5811428
7523,47,Qwen2.5-3B,0.49966767,0.73448783
7523,47,Qwen2.5-7B,0.61518013,0.8172361
7523,47,deepseek-v3,0.7699056,0.9161997
7523,47,gemma-2-2b,0.51030177,0.74341637
7523,47,gemma-2-9b,0.60614115,0.8030084
7523,47,llama3.1-405b,0.69360626,0.8639233
7523,47,llama3.3-70b,0.7236475,0.8904322
7523,47,mistral-large,0.71779877,0.88869977
7523,47,qwen2.5-72b,0.6436262,0.8135229
7523,48,Llama-3.1-8B,0.5848731,0.80002564
7523,48,Llama-3.2-1B,0.31397048,0.5712214
7523,48,Llama-3.2-3B,0.5154858,0.75191295
7523,48,Qwen2.5-0.5B,0.16017546,0.3949767
7523,48,Qwen2.5-1.5B,0.3316496,0.5811428
7523,48,Qwen2.5-3B,0.49966767,0.73448783
7523,48,Qwen2.5-7B,0.61518013,0.8172361
7523,48,deepseek-v3,0.7699056,0.9161997
7523,48,gemma-2-2b,0.51030177,0.74341637
7523,48,gemma-2-9b,0.60614115,0.8030084
7523,48,llama3.1-405b,0.69360626,0.8639233
7523,48,llama3.3-70b,0.7236475,0.8904322
7523,48,mistral-large,0.71779877,0.88869977
7523,48,qwen2.5-72b,0.6436262,0.8135229
7523,49,Llama-3.1-8B,0.5848731,0.80002564
7523,49,Llama-3.2-1B,0.31397048,0.5712214
7523,49,Llama-3.2-3B,0.5154858,0.75191295
7523,49,Qwen2.5-0.5B,0.16017546,0.3949767
7523,49,Qwen2.5-1.5B,0.3316496,0.5811428
7523,49,Qwen2.5-3B,0.49966767,0.73448783
7523,49,Qwen2.5-7B,0.61518013,0.8172361
7523,49,deepseek-v3,0.7699056,0.9161997
7523,49,gemma-2-2b,0.51030177,0.74341637
7523,49,gemma-2-9b,0.60614115,0.8030084
7523,49,llama3.1-405b,0.69360626,0.8639233
7523,49,llama3.3-70b,0.7236475,0.8904322
7523,49,mistral-large,0.71779877,0.88869977
7523,49,qwen2.5-72b,0.6436262,0.8135229
